data.name,date,eur,inr,usd,btc,eth,ltc,xrp
Bitcoin,01-07-2021,29666.79698,2615845.881,35171.4863,1,15.43054513,243.0050261,50040.10994
Ethereum,01-07-2021,1922.612442,169524.8004,2279.354161,0.064881998,1,15.74839666,3242.943214
Dogecoin,01-07-2021,0.213914354,18.86351459,0.253630327,7.22E-06,0.000111166,0.001756534,0.362650584
Binance Coin,01-07-2021,256.1794136,22590.55562,303.7424427,0.008642838,0.133130516,2.103588411,434.3028518
Nano,01-07-2021,4.375388529,385.8329463,5.18773613,0.000147614,0.002273788,0.03592801,7.417628487
Litecoin,01-07-2021,121.7900651,10739.7593,144.4019695,0.004108885,0.06329148,1,206.4715967
Dash,01-07-2021,123.4864142,10889.3477,146.4132678,0.00416642,0.064176719,1.014002607,209.2807657
Swipe,01-07-2021,1.716962033,151.4061015,2.035738292,5.79E-05,0.000892317,0.014098749,2.909851512
NEO,01-07-2021,30.95257362,2729.477073,36.69932017,0.001044337,0.01608626,0.254165534,52.45741688
NEM,01-07-2021,0.111994939,9.876000043,0.132788251,3.78E-06,5.82E-05,,
Cosmos,01-07-2021,10.14833619,894.9062299,12.03250636,0.000342379,0.005273856,,
Filecoin,01-07-2021,51.06241375,4502.814187,60.54281281,0.001722841,0.026537479,,
XRP,01-07-2021,0.59009457,52.03604778,0.699653277,1.99E-05,0.000306658,,
TRON,01-07-2021,0.057556981,5.075521698,0.06824318,1.94E-06,2.99E-05,,
Cardano,01-07-2021,1.168260187,103.0201699,1.385162835,3.94E-05,0.000607118,,
Chainlink,01-07-2021,16.49932097,1454.952304,19.5626338,0.000556645,0.008574315,,
Tether,01-07-2021,0.847089887,74.70532472,1.004459573,2.87E-05,0.000444059,,
Uniswap,01-07-2021,16.25015351,1432.98008,19.26720517,0.000548239,0.008444829,,
Stellar,01-07-2021,0.238378438,21.01882639,0.282609679,8.04E-06,0.000123987,,
Status,01-07-2021,0.067300024,5.934688152,0.079795146,2.27E-06,3.50E-05,,
Bitcoin,02-07-2021,28430.0289,2510987.08,33677.56624,1,15.86210665,,
Ethereum,02-07-2021,1790.993274,158190.0408,2121.657901,0.063073808,1,,
Dogecoin,02-07-2021,0.207456314,18.32364375,0.245758224,7.31E-06,0.00011577,,
Binance Coin,02-07-2021,244.1212289,21562.08386,289.1924507,0.008597272,0.136231165,,
Nano,02-07-2021,4.096840722,361.8547375,4.853225645,0.000144279,0.00228623,,
Litecoin,02-07-2021,116.6089893,10299.52544,138.1380864,0.004106645,0.065073318,,
Dash,02-07-2021,117.6953816,10395.05037,139.4192747,0.004145021,0.065666366,,
Swipe,02-07-2021,1.620149813,143.0943057,1.919192654,5.71E-05,0.000903938,,
NEO,02-07-2021,29.02564875,2563.6995,34.38454957,0.001022203,0.016197682,,
NEM,02-07-2021,0.109499125,9.671143505,0.129710176,3.86E-06,6.11E-05,,
Cosmos,02-07-2021,9.476658468,837.0288218,11.22629973,0.000333742,0.005288423,,
Filecoin,02-07-2021,48.24939266,4261.466002,57.1551342,0.001699257,0.026920022,,
XRP,02-07-2021,0.560406608,49.49808888,0.663872459,1.97E-05,0.000312733,,
TRON,02-07-2021,0.054902665,4.849093982,0.065036449,1.93E-06,3.06E-05,,
Cardano,02-07-2021,1.129153288,99.7328172,1.337624787,3.98E-05,0.000630121,,
Chainlink,02-07-2021,15.47830086,1367.125763,18.33600371,0.000545103,0.008637622,,
Tether,02-07-2021,0.845521598,74.6812249,1.00163076,2.98E-05,0.000469889,,
Uniswap,02-07-2021,15.16726261,1339.597669,17.96679465,0.000534205,0.008463148,,
Stellar,02-07-2021,0.228844025,20.21272008,0.271094672,8.06E-06,0.000127706,,
Status,02-07-2021,0.061152075,5.401052175,0.072439358,2.15E-06,3.41E-05,,
Bitcoin,03-07-2021,28614.60563,2528724.046,33950.78656,1,15.73360857,,
Ethereum,03-07-2021,1818.717862,160723.361,2157.880585,0.063704575,1,,
Dogecoin,03-07-2021,0.206956133,18.28908484,0.245550248,7.25E-06,0.000113802,,
Binance Coin,03-07-2021,242.8789998,21463.65304,288.1721729,0.008511171,0.133685169,,
Nano,03-07-2021,4.11183612,363.3703362,4.878629895,0.000144038,0.002261661,,
Litecoin,03-07-2021,115.9109981,10243.26289,137.5266046,0.004060036,0.063733126,,
Dash,03-07-2021,114.4792465,10116.73644,135.8278536,0.004011296,0.062985773,,
Swipe,03-07-2021,1.596067511,141.0473499,1.893709391,5.59E-05,0.000877896,,
NEO,03-07-2021,29.9191897,2644.012481,35.49865535,0.001048453,0.016468085,,
NEM,03-07-2021,0.111683041,9.869630733,0.132510199,3.91E-06,6.14E-05,,
Cosmos,03-07-2021,9.876051945,872.7644321,11.71778273,0.000346085,0.005435965,,
Filecoin,03-07-2021,48.40492448,4277.630035,57.43169347,0.001695624,0.02662449,,
XRP,03-07-2021,0.551775069,48.76135298,0.654672577,1.93E-05,0.000303391,,
TRON,03-07-2021,0.056165035,4.963404936,0.066638945,1.97E-06,3.09E-05,,
Cardano,03-07-2021,1.175819572,103.9092855,1.395091718,4.12E-05,0.000646519,,
Chainlink,03-07-2021,15.44844894,1365.207154,18.32934549,0.000541116,0.008494258,,
Tether,03-07-2021,0.846470177,74.80408845,1.00432376,2.98E-05,0.000467622,,
Uniswap,03-07-2021,15.36665721,1357.979071,18.23230086,0.000538491,0.008458097,,
Stellar,03-07-2021,0.223641275,19.76358078,0.26534691,7.84E-06,0.000123096,,
Status,03-07-2021,0.05787038,5.11410936,0.06866231,2.03E-06,3.18E-05,,
Bitcoin,04-07-2021,29271.25492,2586784.718,34729.89078,1,15.58736587,,
Ethereum,04-07-2021,1878.265047,165987.6672,2228.532399,0.064273728,1,,
Dogecoin,04-07-2021,0.208339127,18.41152598,0.247191149,7.12E-06,0.00011069,,
Binance Coin,04-07-2021,251.5119582,22226.83283,298.4150444,0.008606672,0.133933749,,
Nano,04-07-2021,4.16372875,367.9606471,4.940199698,0.000142469,0.002216602,,
Litecoin,04-07-2021,118.2575861,10450.76193,140.310795,0.004039541,0.062830148,,
Dash,04-07-2021,116.6097926,10305.14169,138.3557135,0.003987326,0.062036446,,
Swipe,04-07-2021,1.635961131,144.5745755,1.941042553,5.60E-05,0.00087092,,
NEO,04-07-2021,30.60448733,2704.606289,36.31175039,0.001045413,0.016260136,,
NEM,04-07-2021,0.114308643,10.10178254,0.135625436,3.91E-06,6.08E-05,,
Cosmos,04-07-2021,9.94210923,878.6126967,11.79615867,0.000340216,0.005294317,,
Filecoin,04-07-2021,49.54901899,4378.788865,58.78914389,0.001695407,0.026377908,,
XRP,04-07-2021,0.568711755,50.25868829,0.674767692,1.94E-05,0.000302156,,
TRON,04-07-2021,0.056401121,4.984328787,0.066919057,1.93E-06,3.00E-05,,
Cardano,04-07-2021,1.188060646,104.9923255,1.409615562,4.06E-05,0.000631216,,
Chainlink,04-07-2021,15.60054272,1378.664687,18.5098024,0.000533846,0.008307514,,
Tether,04-07-2021,0.845544292,74.72317327,1.003225211,2.90E-05,0.000453534,,
Uniswap,04-07-2021,16.36475354,1446.200188,19.41652671,0.000559997,0.008714468,,
Stellar,04-07-2021,0.224155497,19.80926394,0.265957027,7.66E-06,0.000119094,,
Status,04-07-2021,0.063520152,5.613457977,0.075365677,2.17E-06,3.38E-05,,
Bitcoin,05-07-2021,29847.12582,2636233.406,35394.21307,1,15.1972003,,
Ethereum,05-07-2021,1963.996139,173469.039,2329.004751,0.065698566,1,,
Dogecoin,05-07-2021,0.208117215,18.38185549,0.246795791,6.96E-06,0.000105967,,
Binance Coin,05-07-2021,259.9474854,22959.73988,308.2587162,0.008695627,0.132356932,,
Nano,05-07-2021,4.164182415,367.7737298,4.937750096,0.00013927,0.002119043,,
Litecoin,05-07-2021,122.6824903,10835.87349,145.4830267,0.00410391,0.062465994,,
Dash,05-07-2021,118.8585319,10497.3897,140.9385249,0.003975201,0.060483985,,
Swipe,05-07-2021,1.711356063,151.1441478,2.029269548,5.72E-05,0.000870864,,
NEO,05-07-2021,31.6974478,2799.662228,37.58841733,0.001060326,0.016139325,,
NEM,05-07-2021,0.116556013,10.294035,0.138208274,3.90E-06,5.93E-05,,
Cosmos,05-07-2021,10.30559533,910.2368803,12.22088985,0.000344737,0.005247279,,
Filecoin,05-07-2021,49.86464511,4403.963297,59.12785072,0.001667713,0.025374808,,
XRP,05-07-2021,0.587679328,51.90650139,0.69689951,1.97E-05,0.000299227,,
TRON,05-07-2021,0.056894483,5.025178552,0.067468321,1.90E-06,2.90E-05,,
Cardano,05-07-2021,1.228390259,108.4969942,1.456686545,4.11E-05,0.000625457,,
Chainlink,05-07-2021,16.28067164,1437.982696,19.30643387,0.000544612,0.008289596,,
Tether,05-07-2021,0.839161081,74.14322631,0.99514628,2.81E-05,0.000429474,,
Uniswap,05-07-2021,17.60098683,1554.598917,20.8721296,0.000588779,0.008961859,,
Stellar,05-07-2021,0.227205282,20.0678001,0.269431375,7.60E-06,0.000115686,,
Status,05-07-2021,0.063793009,5.634093458,0.075643645,2.13E-06,3.25E-05,,
Bitcoin,06-07-2021,28593.68153,2521472.436,33928.13422,1,15.29985737,,
Ethereum,06-07-2021,1868.679917,164785.5278,2217.301853,0.065245581,1,,
Dogecoin,06-07-2021,0.196250282,17.30254293,0.232817536,6.86E-06,0.000105257,,
Binance Coin,06-07-2021,256.2721546,22594.41314,304.0232646,0.008952888,0.137449544,,
Nano,06-07-2021,3.884190643,342.5190153,4.60882735,0.000135618,0.002078575,,
Litecoin,06-07-2021,116.6751384,10286.7449,138.4151803,0.004076055,0.062577788,,
Dash,06-07-2021,112.6614284,9934.806257,133.6796053,0.003933611,0.060289313,,
Swipe,06-07-2021,1.658271445,146.2311083,1.967639463,5.79E-05,0.000887403,,
NEO,06-07-2021,30.49532784,2689.165034,36.18455269,0.001064755,0.016317387,,
NEM,06-07-2021,0.111359003,9.818044092,0.132108491,3.89E-06,5.96E-05,,
Cosmos,06-07-2021,11.45557514,1010.185307,13.59273343,0.000399975,0.006129629,,
Filecoin,06-07-2021,47.55829152,4193.825864,56.4307921,0.001660514,0.025450207,,
XRP,06-07-2021,0.555420452,48.97856044,0.659039991,1.94E-05,0.000297193,,
TRON,06-07-2021,0.054704368,4.823048715,0.064897415,1.91E-06,2.93E-05,,
Cardano,06-07-2021,1.192656962,105.1514324,1.414884359,4.17E-05,0.000639672,,
Chainlink,06-07-2021,15.58268185,1374.125355,18.48979541,0.000544075,0.008337954,,
Tether,06-07-2021,0.846097183,74.6025993,1.003829993,2.94E-05,0.000448013,,
Uniswap,06-07-2021,17.04721585,1503.272141,20.22755365,0.000595209,0.009121595,,
Stellar,06-07-2021,0.216705457,19.10598769,0.257084117,7.57E-06,0.000116228,,
Status,06-07-2021,0.061705281,5.441347783,0.073217052,2.15E-06,3.30E-05,,
Bitcoin,07-07-2021,28883.65159,2553433.738,34149.98981,1,14.71653363,,
Ethereum,07-07-2021,1962.782091,173518.0192,2320.654929,0.067951192,1,,
Dogecoin,07-07-2021,0.197891658,17.49346537,0.23396012,6.85E-06,0.000100725,,
Binance Coin,07-07-2021,270.9776467,23954.20868,320.3670298,0.009375906,0.137924766,,
Nano,07-07-2021,3.916725755,346.235445,4.630602606,0.000135582,0.001995292,,
Litecoin,07-07-2021,117.2017736,10360.54367,138.5634002,0.004055216,0.059654468,,
Dash,07-07-2021,113.950445,10073.12881,134.7194725,0.00394408,0.058042266,,
Swipe,07-07-2021,1.763257929,155.8706,2.084635808,6.10E-05,0.000898254,,
NEO,07-07-2021,31.11378848,2750.434182,36.78470208,0.001077044,0.015850253,,
NEM,07-07-2021,0.113212024,10.00785294,0.133846464,3.92E-06,5.77E-05,,
Cosmos,07-07-2021,11.11234604,982.3225617,13.13772313,0.000384668,0.005660947,,
Filecoin,07-07-2021,48.12183285,4253.931792,56.89269521,0.001665604,0.024511534,,
XRP,07-07-2021,0.563571402,49.81926416,0.666289999,1.95E-05,0.000286852,,
TRON,07-07-2021,0.054934066,4.856397668,0.06495016,1.90E-06,2.80E-05,,
Cardano,07-07-2021,1.195726092,105.7012366,1.41366353,4.14E-05,0.000609137,,
Chainlink,07-07-2021,16.91516399,1495.37015,19.99929532,0.0005856,0.008618459,,
Tether,07-07-2021,0.848132456,74.96005571,1.002526559,2.94E-05,0.000432408,,
Uniswap,07-07-2021,18.89872814,1670.725389,22.34452149,0.000654271,0.009629107,,
Stellar,07-07-2021,0.220495399,19.49270124,0.260698188,7.63E-06,0.000112345,,
Status,07-07-2021,0.061349454,5.423242993,0.072531231,2.12E-06,3.13E-05,,
Bitcoin,08-07-2021,28773.16071,2538884.382,33932.25464,1,14.64381686,,
Ethereum,08-07-2021,1964.55348,173380.6594,2317.236943,0.068201052,1,,
Dogecoin,08-07-2021,0.190767805,16.83611479,0.225015104,6.62E-06,9.71E-05,,
Binance Coin,08-07-2021,278.3228334,24563.23885,328.2883149,0.009662201,0.141672041,,
Nano,08-07-2021,3.914778989,345.496811,4.617573707,0.000135905,0.001992707,,
Litecoin,08-07-2021,116.8121457,10307.26292,137.7568322,0.004055635,0.059450391,,
Dash,08-07-2021,114.3542756,10092.27792,134.8835522,0.003969901,0.058208676,,
Swipe,08-07-2021,1.780960973,157.1483246,2.100291374,6.18E-05,0.000906531,,
NEO,08-07-2021,31.30699049,2762.982382,36.92733014,0.001086847,0.015935901,,
NEM,08-07-2021,0.112604282,9.935969679,0.132794489,3.91E-06,5.73E-05,,
Cosmos,08-07-2021,10.96338435,967.3864324,12.92914439,0.000380641,0.005579707,,
Filecoin,08-07-2021,47.93949719,4230.875727,56.54576219,0.001664258,0.024402236,,
XRP,08-07-2021,0.553652425,48.86231072,0.653046031,1.92E-05,0.00028182,,
TRON,08-07-2021,0.054639963,4.82222188,0.064449119,1.90E-06,2.78E-05,,
Cardano,08-07-2021,1.188547562,104.8946553,1.401919748,4.13E-05,0.000604969,,
Chainlink,08-07-2021,16.83697385,1485.938489,19.85960587,0.000584509,0.008570366,,
Tether,08-07-2021,0.847463466,74.81001314,0.999837737,2.92E-05,0.000430075,,
Uniswap,08-07-2021,18.99972121,1676.810647,22.41061714,0.000659591,0.009671248,,
Stellar,08-07-2021,0.219007157,19.32474004,0.258275644,7.60E-06,0.000111462,,
Status,08-07-2021,0.061145102,5.396329625,0.072122083,2.12E-06,3.11E-05,,
Bitcoin,09-07-2021,27801.43991,2460851.303,32933.5782,1,15.48545977,,
Ethereum,09-07-2021,1795.072558,158891.2898,2126.442467,0.064660885,1,,
Dogecoin,09-07-2021,0.17396977,15.39897707,0.206084543,6.27E-06,9.69E-05,,
Binance Coin,09-07-2021,262.9860433,23278.27442,311.5331958,0.009473105,0.146483772,,
Nano,09-07-2021,3.699913575,327.4987617,4.38291662,0.000133276,0.00206115,,
Litecoin,09-07-2021,111.5841916,9876.902211,132.1826032,0.00401941,0.062152626,,
Dash,09-07-2021,106.438674,9421.445455,126.0872245,0.003834062,0.059286562,,
Swipe,09-07-2021,1.642149853,145.3552989,1.945290272,5.92E-05,0.00091481,,
NEO,09-07-2021,28.77263561,2546.816931,34.08405637,0.001036428,0.016026418,,
NEM,09-07-2021,0.104003151,9.205864537,0.123202105,3.75E-06,5.79E-05,,
Cosmos,09-07-2021,10.15787955,899.1272108,12.03302136,0.0003659,0.00565796,,
Filecoin,09-07-2021,45.64754054,4040.503298,54.07406418,0.001644285,0.025425775,,
XRP,09-07-2021,0.527402674,46.6831776,0.624761065,1.90E-05,0.000293764,,
TRON,09-07-2021,0.051798102,4.584921764,0.061360018,1.87E-06,2.89E-05,,
Cardano,09-07-2021,1.136944945,100.6369619,1.346824674,4.10E-05,0.000633281,,
Chainlink,09-07-2021,15.63247839,1383.712676,18.51822967,0.000563103,0.008707323,,
Tether,09-07-2021,0.846484484,74.92154633,1.002675213,3.07E-05,0.000473905,,
Uniswap,09-07-2021,17.24604248,1526.537699,20.42965725,0.000621225,0.009606081,,
Stellar,09-07-2021,0.206999393,18.32260227,0.245211425,7.46E-06,0.000115299,,
Status,09-07-2021,0.054645929,4.836997847,0.064733552,1.97E-06,3.04E-05,,
Bitcoin,10-07-2021,28600.77529,2530544.051,33971.29775,1,15.75075038,,
Ethereum,10-07-2021,1815.647073,160645.1173,2156.580957,0.063461272,1,,
Dogecoin,10-07-2021,0.184356466,16.31152138,0.218974078,6.44E-06,0.000101527,,
Binance Coin,10-07-2021,267.9890094,23711.17518,318.3107569,0.009366866,0.147584391,,
Nano,10-07-2021,3.763807182,333.0147444,4.470557639,0.000131548,0.002072165,,
Litecoin,10-07-2021,113.7551156,10064.84363,135.1155296,0.003976017,0.062646149,,
Dash,10-07-2021,108.4932015,9599.279139,128.8655575,0.003791929,0.059730968,,
Swipe,10-07-2021,1.661058051,146.9673646,1.972963916,5.81E-05,0.000914469,,
NEO,10-07-2021,29.33355765,2595.379288,34.84167863,0.001025233,0.0161496,,
NEM,10-07-2021,0.10514374,9.302924896,0.124887149,3.67E-06,5.79E-05,,
Cosmos,10-07-2021,11.21020724,991.8585411,13.31520857,0.000391806,0.006171783,,
Filecoin,10-07-2021,46.70403085,4132.286843,55.47389965,0.001632307,0.025712769,,
XRP,10-07-2021,0.540926499,47.86018284,0.642499197,1.89E-05,0.000297807,,
TRON,10-07-2021,0.052687472,4.661690716,0.062580884,1.84E-06,2.90E-05,,
Cardano,10-07-2021,1.141917435,101.0347567,1.356341456,3.99E-05,0.000628866,,
Chainlink,10-07-2021,15.76857651,1395.174679,18.72952751,0.000551125,0.008681395,,
Tether,10-07-2021,0.844723125,74.73955013,1.003341361,2.95E-05,0.000462315,,
Uniswap,10-07-2021,17.7585868,1571.247133,21.09321281,0.000620706,0.009779842,,
Stellar,10-07-2021,0.209751149,18.55839627,0.249137258,7.33E-06,0.000115479,,
Status,10-07-2021,0.056636721,5.01111305,0.067271705,1.98E-06,3.12E-05,,
Bitcoin,11-07-2021,28378.00803,2510672.979,33704.53847,1,15.87454752,,
Ethereum,11-07-2021,1787.538909,158148.0149,2123.058597,0.062981631,1,,
Dogecoin,11-07-2021,0.178300881,15.7747226,0.211767821,6.29E-06,9.98E-05,,
Binance Coin,11-07-2021,267.4703715,23663.76927,317.6743561,0.009423974,0.149621887,,
Nano,11-07-2021,3.658811921,323.7041942,4.345568125,0.000128927,0.002047064,,
Litecoin,11-07-2021,113.0906619,10005.41224,134.3176928,0.003986631,0.063317666,,
Dash,11-07-2021,108.3524855,9586.213987,128.6901643,0.00381766,0.06061196,,
Swipe,11-07-2021,1.618120325,143.1591313,1.921840275,5.70E-05,0.000905321,,
NEO,11-07-2021,28.78349089,2546.547056,34.18613015,0.001014149,0.016101373,,
NEM,11-07-2021,0.103225163,9.132586966,0.122600447,3.64E-06,5.78E-05,,
Cosmos,11-07-2021,12.15287561,1075.195143,14.43396108,0.000428191,0.006798271,,
Filecoin,11-07-2021,45.88556855,4059.610419,54.49825473,0.001616893,0.025672475,,
XRP,11-07-2021,0.529365046,46.83424274,0.628726461,1.87E-05,0.000296125,,
TRON,11-07-2021,0.05186643,4.588752139,0.06160172,1.83E-06,2.90E-05,,
Cardano,11-07-2021,1.129420511,99.92264278,1.341411879,3.98E-05,0.000631793,,
Chainlink,11-07-2021,15.40781687,1363.167895,18.29985233,0.000542875,0.008619073,,
Tether,11-07-2021,0.845605414,74.81281494,1.004324904,2.98E-05,0.000472953,,
Uniswap,11-07-2021,17.12966684,1515.504246,20.34489223,0.000603542,0.009582269,,
Stellar,11-07-2021,0.208091235,18.41034928,0.2471498,7.34E-06,0.000116507,,
Status,11-07-2021,0.055241732,4.887373441,0.065610562,1.95E-06,3.09E-05,,
Bitcoin,12-07-2021,28897.52628,2555237.166,34299.93802,1,16.00048914,,
Ethereum,12-07-2021,1806.321292,159722.2978,2144.014257,0.062471173,1,,
Dogecoin,12-07-2021,0.180302175,15.94305391,0.214009787,6.24E-06,9.98E-05,,
Binance Coin,12-07-2021,271.4227624,24004.32533,322.2193548,0.009391427,0.150313645,,
Nano,12-07-2021,4.041219703,357.3411329,4.796728411,0.000139804,0.002237899,,
Litecoin,12-07-2021,113.0655062,9997.713331,134.2031777,0.003910342,0.062604092,,
Dash,12-07-2021,108.0517093,9554.372952,128.2520481,0.003736942,0.059827965,,
Swipe,12-07-2021,1.644461172,145.4099657,1.95189428,5.69E-05,0.00091065,,
NEO,12-07-2021,28.80658378,2547.622029,34.19771709,0.000996729,0.015953056,,
NEM,12-07-2021,0.103655881,9.165675864,0.123034417,3.58E-06,5.74E-05,,
Cosmos,12-07-2021,11.81810183,1045.004778,14.02750382,0.000408726,0.006543654,,
Filecoin,12-07-2021,46.50781725,4113.099306,55.21172482,0.001609183,0.025758769,,
XRP,12-07-2021,0.537940157,47.5668633,0.638508427,1.86E-05,0.000297856,,
TRON,12-07-2021,0.052318092,4.626179127,0.062098994,1.81E-06,2.90E-05,,
Cardano,12-07-2021,1.136062717,100.4721152,1.348676112,3.93E-05,0.00062915,,
Chainlink,12-07-2021,15.47362568,1368.24111,18.36643028,0.000535152,0.008567708,,
Tether,12-07-2021,0.842876699,74.56838977,1.000960373,2.91E-05,0.000465328,,
Uniswap,12-07-2021,17.41480335,1539.887959,20.67051241,0.000602287,0.009642534,,
Stellar,12-07-2021,0.208200461,18.40993417,0.247123676,7.20E-06,0.00011528,,
Status,12-07-2021,0.058845282,5.20333992,0.069846447,2.04E-06,3.26E-05,,
Bitcoin,13-07-2021,28042.04749,2479459.592,33262.65435,1,16.29177819,,
Ethereum,13-07-2021,1721.926897,152251.6557,2042.499187,0.061452562,1,,
Dogecoin,13-07-2021,0.175155077,15.48709795,0.207763816,6.25E-06,0.000101721,,
Binance Coin,13-07-2021,267.8428938,23686.28176,317.7586463,0.009558766,0.155513641,,
Nano,13-07-2021,3.725803144,329.4857735,4.42015148,0.000132981,0.002164001,,
Litecoin,13-07-2021,112.8199794,9975.469162,133.8237509,0.004026348,0.065519871,,
Dash,13-07-2021,107.5782131,9511.995596,127.6061214,0.003839278,0.06247573,,
Swipe,13-07-2021,1.61309143,142.6513041,1.913710465,5.76E-05,0.000936907,,
NEO,13-07-2021,28.57508435,2526.590364,33.89492704,0.001019795,0.016594896,,
NEM,13-07-2021,0.101869508,9.008676079,0.120854119,3.64E-06,5.92E-05,,
Cosmos,13-07-2021,11.01401091,973.851678,13.06449674,0.000393071,0.006396354,,
Filecoin,13-07-2021,44.44697086,3930.600735,52.73019975,0.001586393,0.025815446,,
XRP,13-07-2021,0.534193681,47.2330577,0.633644879,1.91E-05,0.000310354,,
TRON,13-07-2021,0.051015831,4.510786585,0.060513483,1.82E-06,2.96E-05,,
Cardano,13-07-2021,1.112604843,98.37579623,1.319739236,3.97E-05,0.000646398,,
Chainlink,13-07-2021,14.85112619,1313.126914,17.61597035,0.000530011,0.008624748,,
Tether,13-07-2021,0.844967037,74.72018624,1.002396398,3.02E-05,0.000490698,,
Uniswap,13-07-2021,16.56628652,1464.780274,19.65044324,0.000591222,0.009620822,,
Stellar,13-07-2021,0.203223346,17.96887604,0.241057574,7.26E-06,0.000118068,,
Status,13-07-2021,0.057943952,5.124185886,0.068742506,2.07E-06,3.37E-05,,
Bitcoin,14-07-2021,27751.69332,2439591.072,32676.3838,1,16.80291621,,
Ethereum,14-07-2021,1651.353299,145166.8812,1944.395017,0.059414528,1,,
Dogecoin,14-07-2021,0.167951042,14.76421123,0.197754877,6.04E-06,0.00010169,,
Binance Coin,14-07-2021,262.3116671,23059.24881,308.8603139,0.009437789,0.158822776,,
Nano,14-07-2021,3.570570509,313.8677924,4.204009666,0.00012869,0.002166086,,
Litecoin,14-07-2021,111.4544191,9797.71586,131.2326182,0.004010051,0.067482703,,
Dash,14-07-2021,105.2210693,9249.755619,123.8931262,0.00378578,0.063708574,,
Swipe,14-07-2021,1.55301079,136.5218048,1.828601089,5.60E-05,0.000942112,,
NEO,14-07-2021,28.22811779,2481.472512,33.23735241,0.001015628,0.017091379,,
NEM,14-07-2021,0.098947207,8.698234003,0.116505932,3.57E-06,6.00E-05,,
Cosmos,14-07-2021,10.19581154,896.2916432,12.00511433,0.000367487,0.006185145,,
Filecoin,14-07-2021,43.18761385,3796.368391,50.84933783,0.001556558,0.02619976,,
XRP,14-07-2021,0.526525707,46.28573105,0.619960587,1.89E-05,0.000318797,,
TRON,14-07-2021,0.050541461,4.442990008,0.059510321,1.82E-06,3.06E-05,,
Cardano,14-07-2021,1.074071821,94.41932051,1.264671768,3.86E-05,0.000650322,,
Chainlink,14-07-2021,14.31784188,1258.650376,16.85862161,0.000515146,0.008669075,,
Tether,14-07-2021,0.852512457,74.96629069,1.004131255,3.07E-05,0.000516234,,
Uniswap,14-07-2021,15.62399312,1373.413077,18.39577678,0.000562024,0.009463821,,
Stellar,14-07-2021,0.198552228,17.45429501,0.233786412,7.14E-06,0.000120226,,
Status,14-07-2021,0.056877553,4.99998212,0.066970787,2.05E-06,3.45E-05,,
Bitcoin,15-07-2021,27781.90666,2448440.499,32878.50187,1,16.46065401,,
Ethereum,15-07-2021,1687.99953,148764.6785,1997.663314,0.06079435,1,15.22465856,3208.165463
Dogecoin,15-07-2021,0.166580044,14.68082554,0.197139179,6.00E-06,9.87E-05,0.001502444,0.316597447
Binance Coin,15-07-2021,261.4676778,23043.34469,309.433965,0.009416921,0.154918416,2.358268499,496.9382743
Nano,15-07-2021,3.521057771,310.3134911,4.166996381,0.000126813,0.002086211,0.031757652,6.69202552
Litecoin,15-07-2021,110.8727062,9771.295666,131.2123219,0.003993149,0.065691577,1,210.7216149
Dash,15-07-2021,104.3656819,9197.826682,123.5115829,0.003758795,0.061836194,0.941310613,198.3545435
Swipe,15-07-2021,1.546825962,136.3460191,1.830901281,5.57E-05,0.000917066,0.01396252,2.942413353
NEO,15-07-2021,27.77174291,2447.959036,32.87203662,0.001000719,0.016465318,0.250713694,52.83596905
NEM,15-07-2021,0.097842636,8.622945676,0.115791883,3.53E-06,5.80E-05,0.000883025,0.186085543
Cosmos,15-07-2021,9.890014193,871.6144496,11.70433887,0.000356195,0.005859789,0.089201499,18.79668886
Filecoin,15-07-2021,42.04821298,3705.740892,49.76196436,0.001514885,0.024924965,0.379483228,79.97090926
XRP,15-07-2021,0.526177812,46.37244954,0.622705216,1.90E-05,0.000311758,0.004745782,1
TRON,15-07-2021,0.050784501,4.475676576,0.060100926,1.83E-06,3.01E-05,0.000458043,0.096519625
Cardano,15-07-2021,1.068313695,94.15129594,1.264296013,3.85E-05,0.000632971,0.009635495,2.030407614
Chainlink,15-07-2021,14.32019104,1262.262911,16.95010089,0.00051601,0.008490159,0.129277734,27.2442811
Tether,15-07-2021,0.847082144,74.66324579,1.002607644,3.03E-05,0.000498463,0.007601699,1.599720543
Uniswap,15-07-2021,15.13188224,1333.584255,17.90782845,0.000544984,0.008965572,0.136479742,28.75923904
Stellar,15-07-2021,0.203938262,17.97323363,0.241350768,7.34E-06,0.000120832,0.001839391,0.387599449
Status,15-07-2021,0.057322373,5.052719319,0.067849654,2.07E-06,3.40E-05,0.000517424,0.109040138
Bitcoin,16-07-2021,26862.05637,2365161.918,31726.03883,1,16.60658914,252.7607802,53178.73812
Ethereum,16-07-2021,1617.789581,142443.8344,1910.726952,0.06012777,1,15.22272722,3202.733525
Dogecoin,16-07-2021,0.154742247,13.62481206,0.182761828,5.75E-06,9.57E-05,0.00145606,0.306342795
Binance Coin,16-07-2021,266.3987219,23455.9895,314.6362318,0.00990114,0.16469231,2.506701194,527.3888072
Nano,16-07-2021,3.360456594,295.8829308,3.968943217,0.000124954,0.002078378,0.031641782,6.656858687
Litecoin,16-07-2021,106.2820975,9357.971938,125.5268736,0.003950146,0.065705436,1,210.4063723
Dash,16-07-2021,103.3842283,9102.819098,122.1042796,0.003842442,0.063913923,0.972802597,204.6694686
Swipe,16-07-2021,1.46004194,128.5574389,1.724456269,5.43E-05,0.000903204,0.013750889,2.892822474
NEO,16-07-2021,26.40365813,2324.800673,31.18463723,0.000981335,0.016323199,0.248447443,52.2712484
NEM,16-07-2021,0.102962537,9.065689834,0.121606231,3.83E-06,6.37E-05,0.000969487,0.203962479
Cosmos,16-07-2021,9.600486886,845.3277756,11.33913988,0.000357093,0.005935,0.090306178,19.01475864
Filecoin,16-07-2021,39.86641871,3510.175619,47.08513491,0.001482384,0.024656619,0.375378908,78.97293367
XRP,16-07-2021,0.505240337,44.48561896,0.59672552,1.88E-05,0.000312348,0.004754101,1
TRON,16-07-2021,0.048915121,4.306899618,0.057772309,1.82E-06,3.02E-05,0.000460271,0.096837128
Cardano,16-07-2021,1.037806872,91.37726686,1.225725264,3.86E-05,0.00064159,0.009765331,2.054543373
Chainlink,16-07-2021,13.25112398,1166.740677,15.6505395,0.000492499,0.008192075,0.124687566,26.23321322
Tether,16-07-2021,0.849025887,74.77774173,1.00306094,3.15E-05,0.000519537,0.007970454,1.664009204
Uniswap,16-07-2021,14.36970707,1265.230162,16.97166733,0.000534073,0.008883602,0.135212968,28.44766903
Stellar,16-07-2021,0.203048742,17.87812315,0.239815306,7.55E-06,0.000125528,0.001910604,0.401975028
Status,16-07-2021,0.054264919,4.777940982,0.064090809,2.02E-06,3.36E-05,0.000510954,0.107495481
Bitcoin,17-07-2021,26597.70418,2343418.912,31399.65313,1,16.75830994,258.4823247,53181.65427
Ethereum,17-07-2021,1587.578805,139875.313,1874.20025,0.059680923,1,15.45577479,3171.619111
Dogecoin,17-07-2021,0.148096273,13.0481791,0.174833571,5.56E-06,9.33E-05,0.001439232,0.296115964
Binance Coin,17-07-2021,256.148775,22568.25927,302.3938695,0.00961931,0.161390642,2.489309995,512.1650916
Nano,17-07-2021,3.185051253,280.6223159,3.760080339,0.000119661,0.002005644,0.030984333,6.359724818
Litecoin,17-07-2021,102.7056343,9048.988747,121.2481073,0.003860953,0.064696234,1,205.1823515
Dash,17-07-2021,97.15450984,8559.901045,114.694783,0.003648502,0.061213757,0.944168842,194.2587796
Swipe,17-07-2021,1.404003755,123.7012386,1.657482563,5.27E-05,0.000884109,0.013658216,2.803432916
NEO,17-07-2021,25.15440675,2216.255663,29.69578281,0.000944639,0.015848937,0.244456044,50.29580576
NEM,17-07-2021,0.118167297,10.41125495,0.139501219,4.44E-06,7.44E-05,0.001149537,0.235949576
Cosmos,17-07-2021,9.509598983,837.8532959,11.22646178,0.00035712,0.005991675,0.092416369,19.01428041
Filecoin,17-07-2021,38.85073888,3422.98552,45.86485046,0.001459605,0.024464515,0.377941868,77.5748924
XRP,17-07-2021,0.500933938,44.13531544,0.59137254,1.88E-05,0.000315621,0.004868186,1
TRON,17-07-2021,0.047262647,4.164125604,0.055795444,1.77E-06,2.98E-05,0.000459309,0.094500854
Cardano,17-07-2021,0.992404249,87.43682802,1.171572891,3.73E-05,0.00062528,0.009644402,1.984295311
Chainlink,17-07-2021,12.91649865,1138.021802,15.24844305,0.000485562,0.008136348,0.12574777,25.80420817
Tether,17-07-2021,0.846731917,74.61014003,0.999707096,3.16E-05,0.000531882,0.00815728,1.691449958
Uniswap,17-07-2021,13.87440897,1222.419505,16.37929447,0.000521034,0.008741794,0.13483455,27.74164327
Stellar,17-07-2021,0.200923369,17.70256633,0.23719807,7.55E-06,0.000126565,0.001956077,0.401398906
Status,17-07-2021,0.050009909,4.406176037,0.059038697,1.88E-06,3.15E-05,0.000486007,0.099993957
Bitcoin,18-07-2021,26757.81584,2357494.132,31588.67135,1,16.60867836,262.814132,53914.17726
Ethereum,18-07-2021,1609.299798,141787.1643,1899.84275,0.060225393,1,15.82445238,3246.443565
Dogecoin,18-07-2021,0.15558577,13.70786551,0.183675222,5.82E-06,9.66E-05,0.001528157,0.313488921
Binance Coin,18-07-2021,254.9039293,22458.27989,300.9242793,0.009529253,0.158219841,2.503655579,513.6045374
Nano,18-07-2021,3.188343779,280.9086434,3.763967298,0.000119085,0.001977315,0.031287983,6.418617244
Litecoin,18-07-2021,101.8103809,8969.991306,120.1912249,0.003806049,0.063194092,1,205.1371814
Dash,18-07-2021,98.70835951,8696.688088,116.5291647,0.003693998,0.061342028,0.970612024,199.1245626
Swipe,18-07-2021,1.420404336,125.1445524,1.676844105,5.32E-05,0.000882514,0.013964918,2.865035182
NEO,18-07-2021,25.07300028,2209.05366,29.59967922,0.000937322,0.015562907,0.246265945,50.51945157
NEM,18-07-2021,0.133736356,11.78282552,0.157881115,5.00E-06,8.29E-05,0.001312387,0.26923147
Cosmos,18-07-2021,9.387494841,827.0840987,11.08231296,0.000350939,0.005826854,0.092203576,18.91481217
Filecoin,18-07-2021,38.64572759,3404.87716,45.62282644,0.001446217,0.024011049,0.379951265,77.95059926
XRP,18-07-2021,0.495759746,43.67885249,0.5852642,1.86E-05,0.000308088,0.004874869,1
TRON,18-07-2021,0.047595092,4.193359786,0.056187908,1.78E-06,2.95E-05,0.000467062,0.095816103
Cardano,18-07-2021,0.996110627,87.76220648,1.175948419,3.72E-05,0.000617758,0.009775073,2.005321036
Chainlink,18-07-2021,13.04284338,1149.13814,15.39759805,0.00048715,0.008088778,0.127992553,26.25721228
Tether,18-07-2021,0.848573705,74.76348376,1.001775184,3.16E-05,0.000525844,0.008298001,1.708653417
Uniswap,18-07-2021,13.65367934,1202.955768,16.11871432,0.000510425,0.008474891,0.134105859,27.51072406
Stellar,18-07-2021,0.198181647,17.46077002,0.233961357,7.41E-06,0.000123012,0.001946532,0.399315119
Status,18-07-2021,0.051352752,4.524427971,0.060623976,1.92E-06,3.19E-05,0.000504385,0.103470379
Bitcoin,19-07-2021,27019.06473,2381072.994,31919.39392,1,16.74827547,266.0396571,54117.82156
Ethereum,19-07-2021,1613.152918,142160.1705,1905.723383,0.059883194,1,15.88369744,3231.063792
Dogecoin,19-07-2021,0.155997067,13.747345,0.184289571,5.79E-06,9.67E-05,0.001536005,0.312454245
Binance Coin,19-07-2021,257.5917917,22697.17617,304.2662317,0.009561678,0.159644371,2.537308928,516.6834186
Nano,19-07-2021,3.224590019,284.128183,3.808870799,0.000119702,0.001998136,0.031749719,6.460151429
Litecoin,19-07-2021,101.5596531,8950.011765,119.9790816,0.003770081,0.062953661,1,203.418854
Dash,19-07-2021,98.77495892,8704.608747,116.6893397,0.003666708,0.061227516,0.972574605,197.8412523
Swipe,19-07-2021,1.465476704,129.1461063,1.731263783,5.44E-05,0.000908088,0.014430834,2.935420715
NEO,19-07-2021,25.28691317,2228.425989,29.87308963,0.000938697,0.015674569,0.248984255,50.6484095
NEM,19-07-2021,0.122804234,10.82220452,0.145076699,4.56E-06,7.61E-05,0.001209277,0.245982819
Cosmos,19-07-2021,9.356767623,824.4525251,11.05217059,0.000347318,0.005798924,0.092165243,18.76801528
Filecoin,19-07-2021,39.92174513,3518.130259,47.16217684,0.001481893,0.024737652,0.393117179,79.96518626
XRP,19-07-2021,0.499248985,43.99664782,0.589795582,1.85E-05,0.000309469,0.004915789,1
TRON,19-07-2021,0.047724595,4.205761604,0.056380196,1.77E-06,2.96E-05,0.000469914,0.095589953
Cardano,19-07-2021,1.007459523,88.77024431,1.190006524,3.74E-05,0.00062438,0.009923593,2.020785007
Chainlink,19-07-2021,13.20891425,1164.044326,15.60455705,0.000490339,0.008187794,0.130059832,26.45678788
Tether,19-07-2021,0.848990566,74.79170307,1.00261766,3.17E-05,0.000529895,0.008483439,1.717357966
Uniswap,19-07-2021,13.92685144,1227.313017,16.45270337,0.00051699,0.008632821,0.137128906,27.89477981
Stellar,19-07-2021,0.197205834,17.37889492,0.232972191,7.32E-06,0.000122242,0.001941761,0.394993323
Status,19-07-2021,0.050549031,4.454666885,0.059716887,1.88E-06,3.13E-05,0.000497724,0.101247155
Bitcoin,20-07-2021,26226.56699,2319419.252,30928.21191,1,16.91530815,271.4235101,55087.71689
Ethereum,20-07-2021,1547.507276,136858.1015,1824.929392,0.058975974,1,16.01543415,3250.468989
Dogecoin,20-07-2021,0.146605641,12.96547683,0.172887681,5.59E-06,9.46E-05,0.001517248,0.307938514
Binance Coin,20-07-2021,239.3319308,21165.98364,282.2370414,0.009121013,0.154361543,2.476889666,502.7058879
Nano,20-07-2021,2.999910173,265.296689,3.537584032,0.000114177,0.001930541,0.030952529,6.255974586
Litecoin,20-07-2021,96.38891539,8524.421289,113.6685866,0.003673411,0.062167809,1,202.460554
Dash,20-07-2021,117.5901607,10399.41227,138.6705858,0.004481397,0.075841943,1.216961952,246.9928101
Swipe,20-07-2021,1.335771415,118.1287816,1.575181708,5.08E-05,0.000859613,0.013782247,2.78560075
NEO,20-07-2021,23.61389769,2088.36059,27.84716856,0.000899933,0.015230219,0.244384521,49.59992328
NEM,20-07-2021,0.112658201,9.963240688,0.132854472,4.29E-06,7.25E-05,0.001163207,0.23504454
Cosmos,20-07-2021,8.494785773,751.2599596,10.01764869,0.000323739,0.005478869,0.087914082,17.84291302
Filecoin,20-07-2021,38.26047024,3383.670889,45.11943678,0.00145637,0.024628933,0.39504322,79.82476696
XRP,20-07-2021,0.474987247,42.00681568,0.560138361,1.81E-05,0.000306352,0.004915729,1
TRON,20-07-2021,0.045551324,4.028457768,0.053717324,1.74E-06,2.94E-05,0.000471419,0.095678494
Cardano,20-07-2021,0.956514794,84.59204088,1.127989502,3.65E-05,0.000616922,0.009899146,2.00911603
Chainlink,20-07-2021,12.38963053,1095.711367,14.61072349,0.000472173,0.007990921,0.128222539,26.02385813
Tether,20-07-2021,0.849495364,75.13737986,1.001920542,3.24E-05,0.00054858,0.008792228,1.778590329
Uniswap,20-07-2021,13.36360259,1181.84729,15.75929984,0.000509291,0.008619102,0.138302353,28.06964238
Stellar,20-07-2021,0.181133965,16.01908495,0.213605907,6.90E-06,0.000116826,0.001874588,0.380463694
Status,20-07-2021,0.047490052,4.199776939,0.056001693,1.81E-06,3.06E-05,0.000489994,0.099035152
Bitcoin,21-07-2021,25444.5578,2233717.572,29971.90378,1,16.69515715,277.3530456,56277.88291
Ethereum,21-07-2021,1523.837304,133774.0742,1794.973425,0.060080008,1,16.61548741,3371.907771
Dogecoin,21-07-2021,0.14683938,12.89068205,0.172966487,5.79E-06,9.63E-05,0.001600592,0.324777091
Binance Coin,21-07-2021,226.157863,19853.8641,266.3980944,0.008916347,0.148390909,2.465186174,500.2124947
Nano,21-07-2021,2.761304847,242.4084241,3.252623364,0.000108869,0.001812073,0.030108481,6.110143942
Litecoin,21-07-2021,91.52794763,8035.769907,107.823534,0.003610198,0.060089408,1,202.6472165
Dash,21-07-2021,106.1405044,9317.823937,125.0260669,0.004184624,0.069642885,1.156962223,234.7599406
Swipe,21-07-2021,1.224841735,107.535967,1.442911896,4.83E-05,0.000803797,0.01335544,2.710297526
NEO,21-07-2021,22.08222482,1938.546309,26.01131144,0.000870599,0.014489001,0.240702643,48.84112636
NEM,21-07-2021,0.111399677,9.780424401,0.131233215,4.39E-06,7.31E-05,0.001214681,0.246502271
Cosmos,21-07-2021,8.040910946,705.9582552,9.472510386,0.000317163,0.005278973,0.087724334,17.80295816
Filecoin,21-07-2021,35.26937773,3096.215285,41.5448523,0.001390558,0.023145107,0.384567237,78.04316675
XRP,21-07-2021,0.45193817,39.67458346,0.532351454,1.78E-05,0.000296534,0.004926257,1
TRON,21-07-2021,0.043244869,3.796364823,0.050939422,1.70E-06,2.84E-05,0.000471382,0.095648339
Cardano,21-07-2021,0.89985454,79.00345433,1.060064156,3.55E-05,0.000590767,0.009817189,1.992320624
Chainlink,21-07-2021,11.7792026,1034.068347,13.87507418,0.000464399,0.00772879,0.128396718,26.05305975
Tether,21-07-2021,0.850343766,74.67201018,1.001945068,3.38E-05,0.00056446,0.009354777,1.897347416
Uniswap,21-07-2021,12.4246549,1090.832587,14.63673374,0.000490074,0.008156964,0.135549887,27.50877515
Stellar,21-07-2021,0.181508948,15.93572435,0.213824703,7.16E-06,0.000119163,0.001980217,0.401869419
Status,21-07-2021,0.044350581,3.893432678,0.052241873,1.75E-06,2.91E-05,0.000483434,0.098093936
Bitcoin,22-07-2021,27462.51506,2410663.369,32383.78113,1,16.16179822,273.5549193,56377.98886
Ethereum,22-07-2021,1699.224008,149158.1184,2003.723921,0.06204178,1,16.92602026,3488.348828
Dogecoin,22-07-2021,0.162485734,14.26189339,0.191587942,5.94E-06,9.57E-05,0.001620154,0.333948208
Binance Coin,22-07-2021,249.1887229,21873.82055,293.8431912,0.009098617,0.146653055,2.482252618,511.5769985
Nano,22-07-2021,3.017368139,264.8649924,3.558078682,0.00011017,0.001775733,0.030056093,6.194376114
Litecoin,22-07-2021,100.2860874,8802.431168,118.2479511,0.003665975,0.059055994,1,206.1126128
Dash,22-07-2021,118.4707349,10399.3775,139.7006189,0.004325583,0.069720494,1.180090471,243.2093987
Swipe,22-07-2021,1.302758407,114.3472789,1.536090563,4.76E-05,0.000766139,0.012975873,2.674102295
NEO,22-07-2021,23.7881224,2087.959712,28.0487235,0.000869579,0.014008236,0.237192631,48.89045122
NEM,22-07-2021,0.118498687,10.40183117,0.139733581,4.33E-06,6.97E-05,0.001180405,0.243274263
Cosmos,22-07-2021,8.892075559,780.5476221,10.48553011,0.000324666,0.005233021,0.088574226,18.25460398
Filecoin,22-07-2021,39.44590668,3462.567143,46.51458927,0.001440287,0.023214785,0.392933934,80.98126715
XRP,22-07-2021,0.486559704,42.70690394,0.573705581,1.78E-05,0.000286523,0.004851513,1
TRON,22-07-2021,0.04593092,4.031822547,0.054161714,1.68E-06,2.70E-05,0.000457519,0.094291907
Cardano,22-07-2021,0.997583689,87.56803413,1.176350082,3.64E-05,0.000587082,0.00993696,2.047946518
Chainlink,22-07-2021,12.98557411,1139.875491,15.31258112,0.000474142,0.007642297,0.129353668,26.65899543
Tether,22-07-2021,0.850102969,74.6290911,1.002535481,3.12E-05,0.000505979,0.008516977,1.760976852
Uniswap,22-07-2021,14.22132119,1248.250921,16.76844852,0.000519863,0.008374584,0.141801548,29.22831815
Stellar,22-07-2021,0.194325098,17.057884,0.229148038,7.10E-06,0.000114365,0.001935738,0.398943617
Status,22-07-2021,0.047625063,4.180534611,0.056159445,1.74E-06,2.80E-05,0.000474409,0.09777283
Bitcoin,23-07-2021,27522.8278,2413440.131,32409.49977,1,15.9846193,267.6152367,54456.60744
Ethereum,23-07-2021,1721.823982,150984.4529,2027.533448,0.062629363,1,16.7419691,3406.7972
Dogecoin,23-07-2021,0.162750648,14.27138765,0.191646989,5.92E-06,9.45E-05,0.001582488,0.322018079
Binance Coin,23-07-2021,249.5025441,21878.54595,293.8016654,0.009075367,0.144905284,2.426010978,493.665193
Nano,23-07-2021,3.020503651,264.8639442,3.556793404,0.000109864,0.001754186,0.02936853,5.976856573
Litecoin,23-07-2021,102.8453403,9018.370984,121.1055077,0.003740752,0.059728406,1,203.506408
Dash,23-07-2021,120.5036613,10566.80565,141.8990596,0.004383182,0.069985728,1.171704306,238.4282831
Swipe,23-07-2021,1.323476698,116.0519966,1.558434,4.81E-05,0.000768595,0.012868451,2.618813537
NEO,23-07-2021,24.64417717,2161.015089,29.01974535,0.000896404,0.014312766,0.239624989,48.76091553
NEM,23-07-2021,0.12353205,10.83218247,0.14546274,4.49E-06,7.17E-05,0.001201129,0.244437553
Cosmos,23-07-2021,9.645739598,845.8220649,11.35833852,0.000350841,0.005601855,0.093786078,19.08661892
Filecoin,23-07-2021,38.77648797,3400.202555,45.66049205,0.001410384,0.022519045,0.37703221,76.7285074
XRP,23-07-2021,0.505349208,44.31339932,0.595073848,1.84E-05,0.000293495,0.004913708,1
TRON,23-07-2021,0.047047932,4.125570506,0.055401282,1.71E-06,2.73E-05,0.000457465,0.093088936
Cardano,23-07-2021,1.009037486,88.48115394,1.188191868,3.67E-05,0.000586026,0.009811267,1.996479384
Chainlink,23-07-2021,13.66183918,1197.988491,16.08749569,0.000496934,0.007934479,0.132839414,27.03128539
Tether,23-07-2021,0.850579714,74.57090232,1.001395952,3.11E-05,0.000497934,0.008359912,1.695640021
Uniswap,23-07-2021,14.94559478,1310.559311,17.59918182,0.000543629,0.008680054,0.145321873,29.57132145
Stellar,23-07-2021,0.224341498,19.67220736,0.264173282,8.16E-06,0.000130292,0.00218136,0.443881603
Status,23-07-2021,0.058049372,5.090272117,0.068356025,2.11E-06,3.37E-05,0.000564417,0.114865866
Bitcoin,24-07-2021,28420.79191,2490734.009,33455.55127,1,15.80388464,269.2415277,54929.23371
Ethereum,24-07-2021,1798.541894,157620.1493,2117.154608,0.063317028,1,17.03830663,3476.065281
Dogecoin,24-07-2021,0.164475784,14.41428621,0.193612762,5.79E-06,9.14E-05,0.001557862,0.317678368
Binance Coin,24-07-2021,252.8478835,22159.01741,297.6400292,0.008898341,0.140489726,2.394894208,488.3655269
Nano,24-07-2021,3.23878877,283.8401325,3.812542033,0.00011402,0.001800986,0.030682341,6.259649128
Litecoin,24-07-2021,105.5380913,9249.119945,124.2342239,0.003715431,0.058686325,1,203.97484
Dash,24-07-2021,121.5778842,10654.81116,143.1154751,0.004280106,0.067605535,1.151755918,234.975156
Swipe,24-07-2021,1.349117352,118.2335975,1.588114254,4.75E-05,0.000750085,0.012782674,2.606486803
NEO,24-07-2021,25.10528709,2200.170656,29.5527029,0.000883823,0.013960239,0.237832425,48.52131448
NEM,24-07-2021,0.122586219,10.74317932,0.144302437,4.32E-06,6.82E-05,0.001161308,0.236923977
Cosmos,24-07-2021,9.695345824,849.6782094,11.41288182,0.000341321,0.005391269,0.091847888,18.73832082
Filecoin,24-07-2021,40.20288321,3523.289879,47.32484672,0.001415267,0.022352076,0.380915981,77.67173433
XRP,24-07-2021,0.517744477,45.37395658,0.609463204,1.82E-05,0.000287674,0.00490391,1
TRON,24-07-2021,0.047577308,4.169567826,0.056005655,1.67E-06,2.64E-05,0.000450637,0.091893659
Cardano,24-07-2021,1.022163056,89.58006153,1.20323982,3.60E-05,0.000568392,0.009683359,1.975547817
Chainlink,24-07-2021,14.03573333,1230.059967,16.52217143,0.000494123,0.007804818,0.132966115,27.12704414
Tether,24-07-2021,0.851592947,74.63168245,1.00245312,3.02E-05,0.000477999,,
Uniswap,24-07-2021,15.81544908,1386.030236,18.61716484,0.000556777,0.008794461,,
Stellar,24-07-2021,0.228929351,20.06285121,0.269484315,8.06E-06,0.0001273,,
Status,24-07-2021,0.057324814,5.023817245,0.067479938,2.02E-06,3.19E-05,,
Bitcoin,25-07-2021,29065.27427,2546980.127,34213.59993,1,15.66963992,,
Ethereum,25-07-2021,1855.043896,162556.8674,2183.627415,0.063912152,1,,
Dogecoin,25-07-2021,0.168415125,14.75816025,0.198246459,5.80E-06,9.08E-05,,
Binance Coin,25-07-2021,256.109313,22442.77224,301.4738995,0.008823779,0.138073382,,
Nano,25-07-2021,3.289141037,288.2263135,3.871745868,0.000113321,0.001773076,,
Litecoin,25-07-2021,106.8010265,9358.937731,125.7186689,0.003679634,0.057578456,,
Dash,25-07-2021,119.5785113,10478.62439,140.7594268,0.004119859,0.064467041,,
Swipe,25-07-2021,1.391121782,121.90353,1.637530878,4.79E-05,0.000749805,,
NEO,25-07-2021,26.27369473,2302.354959,30.92754853,0.000903778,0.014127605,,
NEM,25-07-2021,0.125586806,11.0051292,0.147831969,4.33E-06,6.77E-05,,
Cosmos,25-07-2021,9.786554757,857.5924742,11.52004506,0.000336644,0.00526232,,
Filecoin,25-07-2021,42.0185346,3682.069936,49.46126842,0.001447669,0.022650915,,
XRP,25-07-2021,0.519097089,45.48830189,0.611044643,1.79E-05,0.000279855,,
TRON,25-07-2021,0.048763058,4.273090237,0.057400448,1.68E-06,2.63E-05,,
Cardano,25-07-2021,1.045551809,91.62135042,1.230750172,3.60E-05,0.000563677,,
Chainlink,25-07-2021,14.17497111,1242.147911,16.68578063,0.000488373,0.007641995,,
Tether,25-07-2021,0.851482225,74.61509862,1.002305085,2.95E-05,0.000461862,,
Uniswap,25-07-2021,15.53212845,1361.075148,18.28333096,0.000535131,0.008373665,,
Stellar,25-07-2021,0.227863622,19.96761188,0.268225055,7.84E-06,0.000122524,,
Status,25-07-2021,0.057319683,5.022904345,0.067472705,1.97E-06,3.09E-05,,
Bitcoin,26-07-2021,30118.77239,2639678.521,35456.12466,1,16.04441873,,
Ethereum,26-07-2021,1876.894583,164495.3603,2209.49936,0.062668893,1,,
Dogecoin,26-07-2021,0.171852343,15.06302431,0.20232633,5.74E-06,9.16E-05,,
Binance Coin,26-07-2021,259.48422,22741.79416,305.4674584,0.008664093,0.138228525,,
Nano,26-07-2021,3.320678519,291.0319068,3.909136468,0.00011085,0.001768822,,
Litecoin,26-07-2021,109.0413965,9557.584022,128.3773338,0.003640575,0.058122612,,
Dash,26-07-2021,119.1503549,10442.61129,140.2650076,0.003977449,0.063467672,,
Swipe,26-07-2021,1.404164749,123.0642298,1.652997,4.69E-05,0.000747955,,
NEO,26-07-2021,26.22645315,2298.546705,30.87404693,0.000875693,0.013970961,,
NEM,26-07-2021,0.127490185,11.17463816,0.150097582,4.26E-06,6.79E-05,,
Cosmos,26-07-2021,9.824452009,861.0375818,11.56544465,0.000328035,0.005233534,,
Filecoin,26-07-2021,41.90872316,3673.340177,49.34025345,0.00139921,0.022328293,,
XRP,26-07-2021,0.52034819,45.6045128,0.612559173,1.74E-05,0.000277192,,
TRON,26-07-2021,0.049574415,4.344815843,0.058359505,1.66E-06,2.64E-05,,
Cardano,26-07-2021,1.04919278,91.95366962,1.235120393,3.50E-05,0.00055891,,
Chainlink,26-07-2021,14.27818859,1251.373305,16.80842858,0.000476744,0.007606062,,
Tether,26-07-2021,0.851773832,74.64918109,1.00288563,2.90E-05,0.000462772,,
Uniswap,26-07-2021,15.61620744,1368.640356,18.38355795,0.000521297,0.008318266,,
Stellar,26-07-2021,0.224178419,19.64751249,0.263905111,7.49E-06,0.000119421,,
Status,26-07-2021,0.056402894,4.943279408,0.066398059,1.88E-06,3.00E-05,,
Bitcoin,27-07-2021,31580.7299,2769664.598,37281.91809,1,16.67656407,,
Ethereum,27-07-2021,1889.130125,165681.9103,2230.212068,0.059754557,1,,
Dogecoin,27-07-2021,0.174520571,15.30593429,0.206030214,5.52E-06,9.24E-05,,
Binance Coin,27-07-2021,256.624988,22506.71761,302.9585615,0.008117235,0.135842131,,
Nano,27-07-2021,3.396991588,297.9198825,,,,,
Litecoin,27-07-2021,110.9298843,9728.8561,130.9582454,0.003508793,0.058719737,,
Dash,27-07-2021,120.2587752,10547.02551,141.9714652,0.003803872,0.063657902,,
Swipe,27-07-2021,1.416288324,124.2123832,1.671998805,4.48E-05,0.000750469,,
NEO,27-07-2021,27.42933718,2405.628349,32.38169673,0.00086761,0.014519473,,
NEM,27-07-2021,0.128694076,11.28682458,0.151929757,4.07E-06,6.82E-05,,
Cosmos,27-07-2021,9.64211,845.6236068,11.3827754,0.000305056,0.005108808,,
Filecoin,27-07-2021,41.44046015,3634.442388,48.92252423,0.001311173,0.021958664,,
XRP,27-07-2021,0.52855358,46.35560343,0.623983789,1.67E-05,0.000279785,,
TRON,27-07-2021,0.04954369,4.345035844,0.058487685,1.56E-06,2.62E-05,,
Cardano,27-07-2021,1.063114421,93.23806012,1.255059447,3.36E-05,0.00056275,,
Chainlink,27-07-2021,15.26407763,1338.701611,18.0200028,0.000482814,0.008079902,,
Tether,27-07-2021,0.852900717,74.77022743,1.006467533,2.69E-05,0.00044636,,
Uniswap,27-07-2021,15.73763018,1380.207402,18.5787042,0.000496419,0.008310435,,
Stellar,27-07-2021,0.220762986,19.36115567,0.260616762,6.98E-06,0.00011697,,
Status,27-07-2021,0.056652883,4.968519861,0.066880282,1.79E-06,3.00E-05,,
Bitcoin,28-07-2021,33052.74146,2912983.674,39076.59377,1,17.04745006,,
Ethereum,28-07-2021,1939.167023,170901.4632,2292.579637,0.058705209,1,,
Dogecoin,28-07-2021,0.173030282,15.24748655,0.204539367,5.23E-06,8.90E-05,,
Binance Coin,28-07-2021,265.2024998,23369.73328,313.4962897,0.008012826,0.136449507,,
Nano,28-07-2021,3.472516974,306.0377084,4.105382161,0.000105125,0.001790726,,
Litecoin,28-07-2021,113.08293,9966.15453,133.6922605,0.003423407,0.058324227,,
Dash,28-07-2021,123.4573363,10879.10191,145.9391103,0.003730139,0.063520113,,
Swipe,28-07-2021,1.484624311,130.8419874,1.755196651,4.49E-05,0.000765599,,
NEO,28-07-2021,28.69571027,2528.675618,33.92124398,0.000867012,0.014764248,,
NEM,28-07-2021,0.134718436,11.87143383,0.159250874,4.08E-06,6.95E-05,,
Cosmos,28-07-2021,9.89921723,872.3223442,11.70188017,0.000299095,0.005093253,,
Filecoin,28-07-2021,41.83535688,3686.545687,49.45364079,0.001266366,0.021573498,,
XRP,28-07-2021,0.543255056,47.87781704,0.642263128,1.64E-05,0.000280192,,
TRON,28-07-2021,0.050780069,4.475317478,0.060034721,1.54E-06,2.62E-05,,
Cardano,28-07-2021,1.076625663,94.88450403,1.272840371,3.26E-05,0.000555286,,
Chainlink,28-07-2021,16.36487086,1442.25863,19.34736371,0.000495421,0.008440429,,
Tether,28-07-2021,0.849915721,74.86715785,1.004315108,2.58E-05,0.000436112,,
Uniswap,28-07-2021,15.84435473,1396.384826,18.73198367,0.000479663,0.008171965,,
Stellar,28-07-2021,0.221284513,19.50210921,0.26161355,6.70E-06,0.000114131,,
Status,28-07-2021,0.057547431,5.071098966,0.068026909,1.74E-06,2.97E-05,,
Bitcoin,29-07-2021,33791.73553,2977930.485,40031.19824,1,17.40672427,,
Ethereum,29-07-2021,1941.248317,171074.4491,2299.689406,0.057455608,1,,
Dogecoin,29-07-2021,0.175939209,15.50481869,0.20842544,5.21E-06,9.06E-05,,
Binance Coin,29-07-2021,264.8384911,23356.80048,313.7134833,0.007841126,0.136277999,,
Nano,29-07-2021,3.413588017,301.0532718,4.043553423,0.000101067,0.00175657,,
Litecoin,29-07-2021,118.2228616,10418.5079,140.0520788,0.003499071,0.0608987,,
Dash,29-07-2021,128.3374423,11309.86544,152.0342627,0.003798435,0.0661089,,
Swipe,29-07-2021,1.525960913,134.4768314,1.807721411,4.52E-05,0.00078524,,
NEO,29-07-2021,29.08981161,2563.568737,34.46108929,0.000860978,0.01498468,,
NEM,29-07-2021,0.13555545,11.95499033,0.160571721,4.01E-06,6.98E-05,,
Cosmos,29-07-2021,9.772899656,861.246555,11.57741316,0.000289251,0.005034195,,
Filecoin,29-07-2021,41.7567708,3682.639031,49.46283285,0.001236301,0.021487277,,
XRP,29-07-2021,0.611369068,53.87751051,0.724255088,1.81E-05,0.000314927,,
TRON,29-07-2021,0.051100629,4.503294024,0.060536086,1.51E-06,2.63E-05,,
Cardano,29-07-2021,1.0838847,95.51842305,1.284018196,3.21E-05,0.000558328,,
Chainlink,29-07-2021,16.09994229,1418.823514,19.07271028,0.000476514,0.008293367,,
Tether,29-07-2021,0.842208336,74.27145721,0.997566322,2.50E-05,0.000435,,
Uniswap,29-07-2021,16.10443708,1419.219622,19.07803501,0.000476647,0.008295682,,
Stellar,29-07-2021,0.227655201,20.06234225,0.269690513,6.74E-06,0.000117269,,
Status,29-07-2021,0.061369062,5.412298369,0.072694502,1.82E-06,3.16E-05,,
Bitcoin,30-07-2021,33618.01541,2968222.523,39977.75694,1,16.8196374,,
Ethereum,30-07-2021,2003.980025,176963.1542,2383.44326,0.059430314,1,,
Dogecoin,30-07-2021,0.175425746,15.48879801,0.20861219,5.21E-06,8.78E-05,,
Binance Coin,30-07-2021,266.6679568,23544.81149,317.1152916,0.007924643,0.133418296,,
Nano,30-07-2021,3.666696737,323.7422468,4.360349924,0.000108767,0.001830675,,
Litecoin,30-07-2021,119.0498824,10511.22554,141.5713333,0.003537837,0.059562584,,
Dash,30-07-2021,136.7596339,12074.86583,162.6313551,0.004064123,0.068423059,,
Swipe,30-07-2021,1.678490647,148.19833,1.996021785,4.98E-05,0.000838022,,
NEO,30-07-2021,29.68219441,2621.111328,35.30266036,0.000880586,0.014817112,,
NEM,30-07-2021,0.14114375,12.46195092,0.167844844,4.19E-06,7.05E-05,,
Cosmos,30-07-2021,9.884326682,872.8438431,11.75597137,0.00029324,0.004934176,,
Filecoin,30-07-2021,41.48714095,3663.008202,49.33553682,0.001230658,0.020713324,,
XRP,30-07-2021,0.630507279,55.66913703,0.749784496,1.87E-05,0.000315453,,
TRON,30-07-2021,0.051982897,4.589705917,0.061816844,1.54E-06,2.60E-05,,
Cardano,30-07-2021,1.083272815,95.6593238,1.288395721,3.21E-05,0.000540554,,
Chainlink,30-07-2021,16.26104117,1435.729862,19.33724949,0.000483234,0.008135662,,
Tether,30-07-2021,0.84374804,74.49016653,1.003277129,2.52E-05,0.000428005,,
Uniswap,30-07-2021,16.43699611,1451.265385,19.54649099,0.000488463,0.008223695,,
Stellar,30-07-2021,0.229034642,20.22206764,0.272362634,6.81E-06,0.00011459,,
Status,30-07-2021,0.063891659,5.641161691,0.075978465,1.90E-06,3.19E-05,,
Bitcoin,31-07-2021,35337.21331,3119189.773,41936.26148,1,17.02991401,,
Ethereum,31-07-2021,2074.919184,183151.587,2462.399983,0.058934822,1,,
Dogecoin,31-07-2021,0.17377762,15.33922242,0.206229723,4.94E-06,8.37E-05,,
Binance Coin,31-07-2021,271.9571227,24005.45478,322.7437577,0.007726423,0.131101318,,
Nano,31-07-2021,3.694462997,326.1075257,4.384385518,0.000104935,0.001780457,,
Litecoin,31-07-2021,122.9026916,10848.53,145.8541557,0.00349172,0.059247225,,
Dash,31-07-2021,139.7256535,12333.48045,165.8187217,0.003965887,0.067287796,,
Swipe,31-07-2021,1.72850061,152.5734748,2.051289469,4.91E-05,0.000833009,,
NEO,31-07-2021,35.2804415,3114.178568,41.86888782,0.001002333,0.017007506,,
NEM,31-07-2021,0.145965139,12.88423524,0.1732234,4.14E-06,7.03E-05,,
Cosmos,31-07-2021,10.29375755,908.6223919,12.21606538,0.000292172,0.004957173,,
Filecoin,31-07-2021,43.21808007,3814.828074,51.28884077,0.001227542,0.020827907,,
XRP,31-07-2021,0.63566949,56.11007736,0.754377594,1.81E-05,0.000306346,,
TRON,31-07-2021,0.053257257,4.700978791,0.063202783,1.51E-06,2.57E-05,,
Cardano,31-07-2021,1.100565062,97.14606685,1.306090093,3.13E-05,0.000530545,,
Chainlink,31-07-2021,18.82689932,1661.836527,22.34272878,0.000534371,0.009066485,,
Tether,31-07-2021,0.844480853,74.54170247,1.002183436,2.43E-05,0.000410432,,
Uniswap,31-07-2021,17.6957222,1561.988356,21.00030998,0.000502264,0.008521743,,
Stellar,31-07-2021,0.235470564,20.78481314,0.279443516,6.69E-06,0.000113512,,
Status,31-07-2021,0.070407133,6.214785737,0.083555314,2.00E-06,3.39E-05,,
Bitcoin,01-08-2021,35185.10883,3105645.684,41754.1666,1,16.42671901,,
Ethereum,01-08-2021,2141.80056,189047.9775,2541.674599,0.060833822,1,,
Dogecoin,01-08-2021,0.179562592,15.84925573,0.213086917,5.10E-06,8.39E-05,,
Binance Coin,01-08-2021,282.2828389,24915.95193,334.9850285,0.008022804,0.131898656,,
Nano,01-08-2021,3.687819481,325.508746,4.376335163,0.000104791,0.001722656,,
Litecoin,01-08-2021,122.4305111,10806.44059,145.2882804,0.003479616,0.057206524,,
Dash,01-08-2021,138.8784733,12258.23496,164.8070761,0.003946113,0.064867094,,
Swipe,01-08-2021,1.828596379,161.4027252,2.169995216,5.20E-05,0.000854175,,
NEO,01-08-2021,39.1520125,3455.78805,46.46169096,0.001112039,0.01827873,,
NEM,01-08-2021,0.149971889,13.23740542,0.177971632,4.26E-06,7.01E-05,,
Cosmos,01-08-2021,10.71239979,945.5397262,12.71240421,0.000304266,0.005001252,,
Filecoin,01-08-2021,44.04117889,3887.334775,52.26366442,0.001251392,0.02057067,,
XRP,01-08-2021,0.632254561,55.80652476,0.75029645,1.80E-05,0.000295425,,
TRON,01-08-2021,0.054208104,4.784727638,0.064328753,1.54E-06,2.53E-05,,
Cardano,01-08-2021,1.117144761,98.60580007,1.325715623,3.18E-05,0.000521994,,
Chainlink,01-08-2021,19.24269381,1698.473899,22.83530363,0.0005469,0.008991285,,
Tether,01-08-2021,0.842801522,74.39064411,1.000152517,2.39E-05,0.000394389,,
Uniswap,01-08-2021,18.46044305,1629.427823,21.90700669,0.000524334,0.008618547,,
Stellar,01-08-2021,0.241436424,21.31060587,0.28651259,6.86E-06,0.000112813,,
Status,01-08-2021,0.069636685,6.146545446,0.08263785,1.98E-06,3.25E-05,,
Bitcoin,02-08-2021,33642.25418,2968838.734,39914.82976,1,15.62132793,,
Ethereum,02-08-2021,2153.828339,190069.5763,2555.408179,0.06401065,1,,
Dogecoin,02-08-2021,0.174303648,15.3818296,0.206802445,5.18E-06,8.09E-05,,
Binance Coin,02-08-2021,280.140612,24721.65793,332.37264,0.008325632,0.130079523,,
Nano,02-08-2021,3.645762384,321.7287558,4.325512319,0.00010835,0.001692689,,
Litecoin,02-08-2021,118.6791371,10473.11566,140.8067821,0.003527082,0.05510706,,
Dash,02-08-2021,135.4781478,11955.58332,160.737957,0.00402634,0.062907455,,
Swipe,02-08-2021,1.762089396,155.49247,2.090533042,5.24E-05,0.000818083,,
NEO,02-08-2021,35.57897514,3139.749166,42.21265104,0.001057389,0.016520618,,
NEM,02-08-2021,0.142872309,12.60809818,0.169510754,4.25E-06,6.63E-05,,
Cosmos,02-08-2021,10.37604273,915.6579517,12.31064889,0.000308371,0.004817976,,
Filecoin,02-08-2021,45.35148997,4001.962222,53.80475503,0.001347762,0.021055283,,
XRP,02-08-2021,0.612751477,54.07117302,0.726964938,1.82E-05,0.000283957,,
TRON,02-08-2021,0.053484822,4.719892176,0.063457031,1.59E-06,2.48E-05,,
Cardano,02-08-2021,1.105506476,97.55798255,1.311627412,3.29E-05,0.000513327,,
Chainlink,02-08-2021,18.6020395,1641.580112,22.07037721,0.000552843,0.008637607,,
Tether,02-08-2021,0.845354098,74.61941674,1.003297148,2.49E-05,0.000384397,,
Uniswap,02-08-2021,18.58644722,1640.128244,22.05085743,0.000551917,0.008613207,,
Stellar,02-08-2021,0.23346002,20.60222082,0.276988483,6.94E-06,0.000108404,,
Status,02-08-2021,0.068188379,6.017441613,0.080902056,2.03E-06,3.17E-05,,
Bitcoin,03-08-2021,33078.25971,2919675.596,39278.76651,1,15.03808231,,
Ethereum,03-08-2021,2199.396971,194131.3031,2611.67307,0.066403268,1,,
Dogecoin,03-08-2021,0.171684873,15.15388469,0.203867135,5.18E-06,7.81E-05,,
Binance Coin,03-08-2021,279.129824,24637.58803,331.4526,0.00842737,0.126898371,,
Nano,03-08-2021,3.703605642,326.9013275,4.397845066,0.000111817,0.001681022,,
Litecoin,03-08-2021,119.3074234,10530.7527,141.6715532,0.00360208,0.054239699,,
Dash,03-08-2021,136.374135,12035.26647,161.9108811,0.004115185,0.061865695,,
Swipe,03-08-2021,1.885902322,166.4604799,2.239413972,5.69E-05,0.000855988,,
NEO,03-08-2021,36.80488823,3248.609054,43.70395009,0.001111198,0.016732287,,
NEM,03-08-2021,0.143630171,12.67761695,0.170553591,4.34E-06,6.52E-05,,
Cosmos,03-08-2021,10.55027262,931.2271498,12.52791709,0.000318529,0.004796379,,
Filecoin,03-08-2021,46.04721024,4064.389034,54.67874173,0.001390224,0.020900271,,
XRP,03-08-2021,0.624611195,55.13174152,0.741694319,1.89E-05,0.000283962,,
TRON,03-08-2021,0.054530504,4.813172886,0.064752226,1.65E-06,2.48E-05,,
Cardano,03-08-2021,1.106650952,97.67931586,1.314092239,3.34E-05,0.000503107,,
Chainlink,03-08-2021,19.9018486,1756.650507,23.63244232,0.000600868,0.009047805,,
Tether,03-08-2021,0.843033608,74.41343929,1.001059927,2.54E-05,0.000380628,,
Uniswap,03-08-2021,18.92199688,1670.163213,22.46891777,0.000571285,0.008602343,,
Stellar,03-08-2021,0.23232522,20.50634707,0.275874491,7.01E-06,0.00010562,,
Status,03-08-2021,0.069316863,6.11733974,0.082296796,2.09E-06,3.14E-05,,
Bitcoin,04-08-2021,32323.88026,2847628.253,38368.35401,1,15.21780375,,
Ethereum,04-08-2021,2124.072882,187123.8819,2521.268475,0.065631479,1,,
Dogecoin,04-08-2021,0.165540174,14.58348258,0.196504346,5.14E-06,7.83E-05,,
Binance Coin,04-08-2021,272.1873497,23978.70794,323.0998008,0.008444215,0.128789558,,
Nano,04-08-2021,3.633643391,320.1121122,4.313124379,0.000112276,0.001710688,,
Litecoin,04-08-2021,116.7257311,10283.10911,138.5591965,0.003621245,0.055230544,,
Dash,04-08-2021,132.3543543,11659.98623,157.1042425,0.004089602,0.062311287,,
Swipe,04-08-2021,1.832413538,161.4296465,2.175069663,5.66E-05,0.000862744,,
NEO,04-08-2021,34.82942962,3068.345099,41.34424978,0.001080532,0.016480071,,
NEM,04-08-2021,0.138420661,12.19440807,0.164304932,4.28E-06,6.52E-05,,
Cosmos,04-08-2021,10.24374167,902.4401759,12.15929225,0.00031652,0.004822665,,
Filecoin,04-08-2021,45.90019305,4043.638782,54.48579167,0.001418566,0.02161412,,
XRP,04-08-2021,0.604077611,53.21726408,0.717038407,1.87E-05,0.000284395,,
TRON,04-08-2021,0.054128781,4.768568796,0.06425071,1.67E-06,2.55E-05,,
Cardano,04-08-2021,1.153935299,101.6579301,1.369717921,3.57E-05,0.000543263,,
Chainlink,04-08-2021,20.29583488,1787.99675,24.09109833,0.000627119,0.009555104,,
Tether,04-08-2021,0.848138769,74.71515079,1.006696486,2.61E-05,0.000398022,,
Uniswap,04-08-2021,18.04028595,1589.290257,21.41376815,0.000557425,0.008493211,,
Stellar,04-08-2021,0.232655012,20.49614651,0.276160838,7.19E-06,0.000109532,,
Status,04-08-2021,0.066821344,5.886742135,0.079316746,2.06E-06,3.15E-05,,
Bitcoin,05-08-2021,33576.49392,2949669.022,39751.58458,1,14.5868843,,
Ethereum,05-08-2021,2301.297955,202167.2454,2724.532243,0.068515977,1,,
Dogecoin,05-08-2021,0.170325033,14.96292237,0.2016497,5.07E-06,7.40E-05,,
Binance Coin,05-08-2021,282.943119,24856.33416,334.9795053,0.008423996,0.122921069,,
Nano,05-08-2021,3.809206625,334.6469492,4.509911589,0.00011339,0.001654194,,
Litecoin,05-08-2021,120.579873,10592.84858,142.7558527,0.003589995,0.052384405,,
Dash,05-08-2021,136.1915138,11964.31915,161.2386478,0.004054796,0.059166685,,
Swipe,05-08-2021,1.934988761,169.9872661,2.290854714,5.76E-05,0.00084035,,
NEO,05-08-2021,36.78850104,3231.841363,43.55431553,0.001095295,0.0159823,,
NEM,05-08-2021,0.140699962,12.36038285,0.16657625,4.19E-06,6.11E-05,,
Cosmos,05-08-2021,10.80956755,949.6121488,12.79756724,0.000321831,0.00469608,,
Filecoin,05-08-2021,47.71760044,4191.954292,56.49339785,0.001420463,0.02072337,,
XRP,05-08-2021,0.617813937,54.27447648,0.73143679,1.84E-05,0.000268401,,
TRON,05-08-2021,0.05703229,5.010242532,0.067521162,1.70E-06,2.48E-05,,
Cardano,05-08-2021,1.164104089,102.2656439,1.378195778,3.47E-05,0.00050573,,
Chainlink,05-08-2021,20.4414276,1795.763604,24.20083347,0.000608598,0.00888052,,
Tether,05-08-2021,0.839345207,73.72989154,0.993630132,2.51E-05,0.000366352,,
Uniswap,05-08-2021,19.88879444,1747.215208,23.54656493,0.000592144,0.008640436,,
Stellar,05-08-2021,0.237108689,20.82981492,0.280715614,7.06E-06,0.000103009,,
Status,05-08-2021,0.067996429,5.973433686,0.080501728,2.02E-06,2.95E-05,,
Bitcoin,06-08-2021,34497.48857,3023100.712,40825.38194,1,14.46519339,,
Ethereum,06-08-2021,2384.296812,208941.859,2821.649693,0.068962185,1,,
Dogecoin,06-08-2021,0.169512585,14.8548094,0.200606372,4.90E-06,7.11E-05,,
Binance Coin,06-08-2021,285.8485174,25049.61643,338.2818688,0.008267737,0.119859568,,
Nano,06-08-2021,3.857565594,338.0480661,4.565160981,0.000111574,0.001617522,,
Litecoin,06-08-2021,121.1144765,10613.56277,143.3305718,0.003503053,0.050784692,,
Dash,06-08-2021,139.1776331,12196.4821,164.7070631,0.004025503,0.058358781,,
Swipe,06-08-2021,1.986319818,174.0541984,2.350510222,5.74E-05,0.000832311,,
NEO,06-08-2021,37.09240652,3250.499826,43.89628713,0.001072842,0.015553272,,
NEM,06-08-2021,0.143258209,12.55321147,0.169524505,4.14E-06,6.00E-05,,
Cosmos,06-08-2021,10.98234877,962.4105339,12.99684707,0.000317648,0.004605025,,
Filecoin,06-08-2021,48.80374687,4276.793704,57.7558451,0.001410155,0.020445202,,
XRP,06-08-2021,0.620376423,54.36512872,0.734172413,1.79E-05,0.000260131,,
TRON,06-08-2021,0.059311763,5.197637322,0.070191353,1.72E-06,2.49E-05,,
Cardano,06-08-2021,1.171117542,102.6279426,1.385936279,3.39E-05,0.000491063,,
Chainlink,06-08-2021,20.32754414,1781.230983,24.05458571,0.000587114,0.008517684,,
Tether,06-08-2021,0.845272853,74.05922734,1.000134712,2.44E-05,0.000354917,,
Uniswap,06-08-2021,21.43343712,1878.265396,25.36498433,0.00061993,0.008987286,,
Stellar,06-08-2021,0.23712487,20.77984201,0.280620815,6.86E-06,9.94E-05,,
Status,06-08-2021,0.069412901,6.082407625,0.08213971,2.00E-06,2.91E-05,,
Bitcoin,07-08-2021,36387.72329,3177718.494,42802.13717,1,14.81685242,,
Ethereum,07-08-2021,2455.821078,214465.4117,2888.732274,0.067513583,1,,
Dogecoin,07-08-2021,0.174404504,15.23064282,0.205148462,4.79E-06,7.10E-05,,
Binance Coin,07-08-2021,290.9811619,25411.21389,342.2752093,0.007999376,0.118482767,,
Nano,07-08-2021,4.059466895,354.5108586,4.775068159,0.0001116,0.001652974,,
Litecoin,07-08-2021,125.76425,10982.91806,147.9339237,0.003457416,0.051210673,,
Dash,07-08-2021,141.5981794,12365.68581,166.5590521,0.003892682,0.057656461,,
Swipe,07-08-2021,2.182814269,190.6238875,2.56759993,6.00E-05,0.000888833,,
NEO,07-08-2021,37.78949253,3300.134177,44.45100975,0.001038873,0.015387263,,
NEM,07-08-2021,0.146714111,12.81245712,0.172576818,4.03E-06,5.97E-05,,
Cosmos,07-08-2021,11.53544112,1007.383295,13.56890425,0.000317121,0.004697043,,
Filecoin,07-08-2021,54.74120656,4780.517403,64.39096542,0.001504893,0.022289723,,
XRP,07-08-2021,0.634073794,55.37329184,0.745848079,1.74E-05,0.000258191,,
TRON,07-08-2021,0.060959675,5.32357258,0.071705623,1.68E-06,2.48E-05,,
Cardano,07-08-2021,1.192572227,104.1466318,1.402798401,3.28E-05,0.000485596,,
Chainlink,07-08-2021,20.28401655,1771.391247,23.8596752,0.000557633,0.008259524,,
Tether,07-08-2021,0.851245941,74.33880783,1.001303248,2.35E-05,0.000346676,,
Uniswap,07-08-2021,22.2860155,1946.224638,26.21458575,0.00061267,0.009074726,,
Stellar,07-08-2021,0.242340616,21.16346361,0.285060327,6.66E-06,9.87E-05,,
Status,07-08-2021,0.071323045,6.22859965,0.083895844,1.96E-06,2.90E-05,,
Bitcoin,08-08-2021,37956.60233,3313319.415,44647.5776,1,14.12436182,,
Ethereum,08-08-2021,2678.969757,233853.4527,3151.217517,0.070934691,1,,
Dogecoin,08-08-2021,0.218346565,19.0599756,0.256836614,5.78E-06,8.16E-05,,
Binance Coin,08-08-2021,302.8353178,26435.19379,356.2190113,0.008002621,0.112690687,,
Nano,08-08-2021,4.343255375,379.1327852,5.108882763,0.000114918,0.001618989,,
Litecoin,08-08-2021,132.4993996,11566.17838,155.8563429,0.003508365,0.049489979,,
Dash,08-08-2021,145.8176433,12728.75861,171.5223215,0.003853327,0.054261473,,
Swipe,08-08-2021,2.23308666,194.9312882,2.626734319,5.91E-05,0.000833045,,
NEO,08-08-2021,39.98441561,3490.331916,47.03285303,0.001056614,0.014878949,,
NEM,08-08-2021,0.158275414,13.81622616,0.186176143,4.19E-06,5.90E-05,,
Cosmos,08-08-2021,11.90383946,1039.113618,14.0022437,0.000315194,0.004446215,,
Filecoin,08-08-2021,59.25122288,5172.175987,69.69600568,0.001568711,0.022114865,,
XRP,08-08-2021,0.694044143,60.58471503,0.816389978,1.83E-05,0.000258267,,
TRON,08-08-2021,0.064044813,5.590619525,0.075334608,1.70E-06,2.39E-05,,
Cardano,08-08-2021,1.256789592,109.708064,1.478335979,3.32E-05,0.000467675,,
Chainlink,08-08-2021,20.91820928,1825.998764,24.60566317,0.00055388,0.007813181,,
Tether,08-08-2021,0.850837944,74.27160771,1.00082333,2.27E-05,0.000323791,,
Uniswap,08-08-2021,24.06455896,2100.650889,28.30665016,0.000635922,0.008954873,,
Stellar,08-08-2021,0.260651982,22.75291302,0.306599613,6.90E-06,9.74E-05,,
Status,08-08-2021,0.07709999,6.730236091,0.090691147,2.04E-06,2.88E-05,,
Bitcoin,09-08-2021,37239.93884,3259249.216,43753.21786,1,14.56992759,,
Ethereum,09-08-2021,2563.760753,224391.8228,3012.308559,0.068479515,1,,
Dogecoin,09-08-2021,0.203317111,17.7943669,0.238877349,5.43E-06,7.95E-05,,
Binance Coin,09-08-2021,290.6119176,25435.65652,341.4564973,0.00776241,0.113347814,,
Nano,09-08-2021,4.170760254,365.043616,4.900463819,0.000111404,0.001626817,,
Litecoin,09-08-2021,127.2681783,11138.54435,149.5274296,0.003399887,0.049792996,,
Dash,09-08-2021,136.9942673,11989.77421,160.9546151,0.003659714,0.053598277,,
Swipe,09-08-2021,2.102904863,184.0556514,2.470822721,5.62E-05,0.000820244,,
NEO,09-08-2021,38.39238965,3360.112014,45.10723274,0.001025628,0.015020818,,
NEM,09-08-2021,0.149874755,13.1177098,0.176096388,4.00E-06,5.85E-05,,
Cosmos,09-08-2021,11.17505972,978.0441581,13.12958178,0.000298535,0.004372183,,
Filecoin,09-08-2021,54.72737729,4789.985155,64.30231324,0.001461803,0.021346576,,
XRP,09-08-2021,0.664944199,58.1960907,0.781243184,1.78E-05,0.000260156,,
TRON,09-08-2021,0.06096225,5.335432147,0.07162457,1.63E-06,2.39E-05,,
Cardano,09-08-2021,1.213538974,106.2092494,1.425787388,3.24E-05,0.000474791,,
Chainlink,09-08-2021,19.6278449,1717.834135,23.06076221,0.000524345,0.00767929,,
Tether,09-08-2021,0.852066039,74.40939733,1.001543384,2.26E-05,0.000328031,,
Uniswap,09-08-2021,22.68542954,1985.434744,26.65311952,0.000606027,0.008875553,,
Stellar,09-08-2021,0.244883094,21.43223261,0.287713237,6.54E-06,9.58E-05,,
Status,09-08-2021,0.073531456,6.43549235,0.086392135,1.96E-06,2.88E-05,,
Bitcoin,10-08-2021,39460.63219,3448616.093,46311.0019,1,14.6477057,,
Ethereum,10-08-2021,2695.180968,235542.2086,3163.064655,0.06831221,1,,
Dogecoin,10-08-2021,0.217825703,19.03794239,0.255657969,5.53E-06,8.11E-05,,
Binance Coin,10-08-2021,302.3745573,26425.67304,354.8668108,0.007664003,0.112240815,,
Nano,10-08-2021,4.432831509,387.4021583,5.202371505,0.000112355,0.001645458,,
Litecoin,10-08-2021,141.758192,12388.79246,166.3674284,0.003593011,0.05262035,,
Dash,10-08-2021,153.0161293,13372.6668,179.5797447,0.003878355,0.056799273,,
Swipe,10-08-2021,2.539068131,221.9142745,2.98005696,6.44E-05,0.000945296,,
NEO,10-08-2021,39.60808246,3461.502338,46.48404956,0.001003909,0.014702439,,
NEM,10-08-2021,0.155496073,13.58939859,0.182490207,3.95E-06,5.78E-05,,
Cosmos,10-08-2021,11.60319945,1014.048132,13.61751604,0.000294095,0.004307084,,
Filecoin,10-08-2021,57.66773918,5039.80505,67.6788645,0.00146165,0.021406146,,
XRP,10-08-2021,0.695300688,60.76499558,0.816004957,1.76E-05,0.000258094,,
TRON,10-08-2021,0.062973714,5.50389562,0.073911074,1.60E-06,2.34E-05,,
Cardano,10-08-2021,1.25929144,110.054312,1.477904561,3.19E-05,0.000467446,,
Chainlink,10-08-2021,20.67655764,1807.003727,24.26601012,0.000524069,0.007675096,,
Tether,10-08-2021,0.856339182,74.84579476,1.005094116,2.18E-05,0.000318773,,
Uniswap,10-08-2021,24.21841388,2116.540137,28.42273296,0.000613841,0.008989826,,
Stellar,10-08-2021,0.254860726,22.27325699,0.299104574,6.46E-06,9.46E-05,,
Status,10-08-2021,0.075047016,6.559100944,0.088081285,1.90E-06,2.79E-05,,
Bitcoin,11-08-2021,38939.63336,3397211.456,45639.51402,1,14.49570793,,
Ethereum,11-08-2021,2685.739644,234312.0542,3147.842995,0.069154796,1,,
Dogecoin,11-08-2021,0.219655282,19.16339153,0.25744876,5.66E-06,8.18E-05,,
Binance Coin,11-08-2021,318.0150479,27744.59517,372.7321236,0.008188532,0.118384609,,
Nano,11-08-2021,4.543157436,396.3588034,5.324844627,0.000116981,0.001691585,,
Litecoin,11-08-2021,141.3929443,12335.54835,165.7207505,0.00364071,0.052635083,,
Dash,11-08-2021,150.4766826,13128.04117,176.3674198,0.003874606,0.056016604,,
Swipe,11-08-2021,2.611682802,227.8511113,3.061044072,6.72E-05,0.000972228,,
NEO,11-08-2021,39.90265764,3481.228608,46.76823446,0.001027449,0.014854204,,
NEM,11-08-2021,0.160943248,14.04117604,0.188634843,4.14E-06,5.99E-05,,
Cosmos,11-08-2021,12.00484662,1047.339149,14.07037813,0.000309111,0.004468937,,
Filecoin,11-08-2021,56.93490891,4967.173753,66.7310231,0.00146601,0.021194648,,
XRP,11-08-2021,0.728477551,63.55458609,0.853818039,1.88E-05,0.000271184,,
TRON,11-08-2021,0.063728717,5.559886103,0.074693761,1.64E-06,2.37E-05,,
Cardano,11-08-2021,1.430223142,124.7769951,1.676304667,3.68E-05,0.000532416,,
Chainlink,11-08-2021,20.9480508,1827.571346,24.55233333,0.000539389,0.007798143,,
Tether,11-08-2021,0.852107942,74.34738308,0.998819552,2.19E-05,0.000316576,,
Uniswap,11-08-2021,24.63078807,2148.86449,28.86871551,0.000633813,0.009167443,,
Stellar,11-08-2021,0.265067496,23.12529048,0.310674514,6.82E-06,9.87E-05,,
Status,11-08-2021,0.075811169,6.613995833,0.088855098,1.95E-06,2.82E-05,,
Bitcoin,12-08-2021,38875.87919,3382965.979,45652.06013,1,14.41433988,,
Ethereum,12-08-2021,2696.618605,234658.8473,3166.647218,0.069305062,1,,
Dogecoin,12-08-2021,0.226466249,19.70613774,0.265928121,5.82E-06,8.39E-05,,
Binance Coin,12-08-2021,333.7677459,29044.35739,391.944453,0.008578074,0.123753902,,
Nano,12-08-2021,4.908620682,427.1274669,5.763950604,0.000126167,0.001818699,,
Litecoin,12-08-2021,145.6955346,12678.3766,171.090698,0.003744481,0.054020771,,
Dash,12-08-2021,154.6303424,13455.28015,181.5747668,0.003974608,0.057284551,,
Swipe,12-08-2021,2.747175808,239.047651,3.225872741,7.06E-05,0.001017722,,
NEO,12-08-2021,41.63042868,3622.665953,48.88673576,0.001069932,0.015435668,,
NEM,12-08-2021,0.166700991,14.50626439,0.195757468,4.28E-06,6.18E-05,,
Cosmos,12-08-2021,12.41270874,1080.101557,14.57563024,0.000319055,0.004598428,,
Filecoin,12-08-2021,61.52502187,5353.647886,72.24579163,0.001581392,0.022795711,,
XRP,12-08-2021,0.856620627,74.53951369,1.005887255,2.20E-05,0.000317345,,
TRON,12-08-2021,0.070866691,6.166520504,0.083215252,1.82E-06,2.63E-05,,
Cardano,12-08-2021,1.531766133,133.2878278,1.798677245,3.94E-05,0.00056746,,
Chainlink,12-08-2021,22.08815975,1922.018492,25.93703404,0.000567753,0.008182807,,
Tether,12-08-2021,0.853298713,74.28360151,1.001924139,2.19E-05,0.000315578,,
Uniswap,12-08-2021,24.72251405,2151.344887,29.0317215,0.000635387,0.009166576,,
Stellar,12-08-2021,0.288015139,25.06298087,0.338217031,7.40E-06,0.00010679,,
Status,12-08-2021,0.081931359,7.129321295,0.096207945,2.11E-06,3.04E-05,,
Bitcoin,13-08-2021,37911.83204,3304230.031,44495.20979,1,14.58390997,,
Ethereum,13-08-2021,2597.378687,226376.2049,3048.412682,0.068561653,1,,
Dogecoin,13-08-2021,0.226024877,19.69767859,0.265251612,5.97E-06,8.70E-05,,
Binance Coin,13-08-2021,328.131254,28598.48984,385.1111435,0.00866151,0.126225413,,
Nano,13-08-2021,5.460077485,475.8363447,6.407676763,0.000144126,0.002102775,,
Litecoin,13-08-2021,140.9782123,12287.04649,165.4590347,0.003721328,0.054231448,,
Dash,13-08-2021,153.6701608,13393.2214,180.3549361,0.004056351,0.059113782,,
Swipe,13-08-2021,2.738823159,238.6837191,3.214147338,7.23E-05,0.001054293,,
NEO,13-08-2021,41.40443227,3608.629843,48.59429896,0.001092931,0.015927442,,
NEM,13-08-2021,0.160238959,13.9645492,0.188048514,4.23E-06,6.17E-05,,
Cosmos,13-08-2021,11.95807983,1042.126052,14.03341078,0.000315658,0.004604277,,
Filecoin,13-08-2021,58.29285961,5080.551557,68.41539641,0.001538726,0.022424076,,
XRP,13-08-2021,0.82302848,71.73157488,0.965947117,2.17E-05,0.000316602,,
TRON,13-08-2021,0.071685693,6.247812539,0.084133891,1.89E-06,2.76E-05,,
Cardano,13-08-2021,1.540334438,134.2374921,1.807660278,4.07E-05,0.000593082,,
Chainlink,13-08-2021,21.24236546,1851.391983,24.93109557,0.000560724,0.008171506,,
Tether,13-08-2021,0.853022865,74.35212495,1.0012358,2.27E-05,0.000333096,,
Uniswap,13-08-2021,23.88170396,2081.425222,28.02875437,0.000630393,0.009186805,,
Stellar,13-08-2021,0.279293646,24.34201684,0.327792901,7.37E-06,0.000107439,,
Status,13-08-2021,0.077097985,6.71895657,0.090478381,2.04E-06,2.97E-05,,
Bitcoin,14-08-2021,40450.6937,3541432.667,47717.27053,1,14.36486858,,
Ethereum,14-08-2021,2817.128108,246637.7853,3323.197991,0.069611548,1,,
Dogecoin,14-08-2021,0.242868491,21.26298292,0.286497473,6.00E-06,8.62E-05,,
Binance Coin,14-08-2021,347.7426242,30444.64696,410.2112314,0.008592759,0.123436714,,
Nano,14-08-2021,5.686019855,497.8074445,6.707458459,0.000140581,0.002018972,,
Litecoin,14-08-2021,155.5650664,13619.62324,183.5108296,0.00384403,0.055220267,,
Dash,14-08-2021,165.1882998,14462.13124,194.862784,0.004084268,0.05865682,,
Swipe,14-08-2021,3.031671354,265.4209109,3.576281861,7.50E-05,0.001076518,,
NEO,14-08-2021,46.87260281,4103.66675,55.29281364,0.001158227,0.016638168,,
NEM,14-08-2021,0.171529266,15.01727884,0.202342844,4.24E-06,6.09E-05,,
Cosmos,14-08-2021,12.91432863,1130.641309,15.23426317,0.000319341,0.004586142,,
Filecoin,14-08-2021,63.24783869,5537.308302,74.60970265,0.001563971,0.022460601,,
XRP,14-08-2021,0.922533181,80.7671969,1.088257366,2.28E-05,0.00032761,,
TRON,14-08-2021,0.075781191,6.634595347,0.08939455,1.87E-06,2.69E-05,,
Cardano,14-08-2021,1.812025629,158.6416985,2.137538549,4.48E-05,0.000643207,,
Chainlink,14-08-2021,23.4964028,2057.095215,27.71730486,0.000580599,0.008340418,,
Tether,14-08-2021,0.847352799,74.185202,0.999571554,2.10E-05,0.000304309,,
Uniswap,14-08-2021,25.87232639,2265.105823,30.52004019,0.000639691,0.009187021,,
Stellar,14-08-2021,0.305127491,26.71371902,0.359940701,7.55E-06,0.000108357,,
Status,14-08-2021,0.083222201,7.28605111,0.098172267,2.06E-06,2.96E-05,,
Bitcoin,15-08-2021,39917.97422,3494793.413,47088.85313,1,14.41010358,,
Ethereum,15-08-2021,2770.800586,242581.8401,3268.548177,0.069386128,1,,
Dogecoin,15-08-2021,0.247918297,21.70509017,0.292454426,6.21E-06,8.95E-05,,
Binance Coin,15-08-2021,346.9904636,30378.79577,409.3239523,0.008690336,0.125261079,,
Nano,15-08-2021,5.480320545,479.7985999,6.464807253,0.00013724,0.001977914,,
Litecoin,15-08-2021,154.5998737,13535.12123,182.3722493,0.003871936,0.05580945,,
Dash,15-08-2021,168.9547639,14791.88279,199.305857,0.004230949,0.060976632,,
Swipe,15-08-2021,2.948574472,258.1458313,3.478257425,7.38E-05,0.001064155,,
NEO,15-08-2021,47.28116522,4139.436131,55.77477035,0.00118401,0.017064013,,
NEM,15-08-2021,0.180803286,15.82921341,0.213282852,4.53E-06,6.53E-05,,
Cosmos,15-08-2021,13.09614545,1146.559257,15.44874162,0.000327991,0.004727615,,
Filecoin,15-08-2021,61.47387513,5381.998913,72.51706365,0.001539423,0.022186234,,
XRP,15-08-2021,1.082374268,94.76118309,1.276812362,2.71E-05,0.000390729,,
TRON,15-08-2021,0.078532598,6.875479359,0.092640222,1.97E-06,2.83E-05,,
Cardano,15-08-2021,1.857609116,162.632504,2.19131067,4.65E-05,0.000670584,,
Chainlink,15-08-2021,23.01792513,2015.204796,27.15287328,0.000576481,0.008309307,,
Tether,15-08-2021,0.847817231,74.22586271,1.000119416,2.13E-05,0.000308066,,
Uniswap,15-08-2021,25.54329719,2236.299524,30.13190407,0.000639653,0.009218706,,
Stellar,15-08-2021,0.332808427,29.13716739,0.392594249,8.34E-06,0.000120141,,
Status,15-08-2021,0.087286322,7.641862325,0.102966468,2.19E-06,3.15E-05,,
Bitcoin,16-08-2021,39872.50024,3490056.734,47025.00323,1,14.20810743,,
Ethereum,16-08-2021,2806.341189,245640.2258,3309.75491,0.07039307,1,,
Dogecoin,16-08-2021,0.286778871,25.1002768,0.338200977,7.20E-06,0.000102287,,
Binance Coin,16-08-2021,350.4819588,30677.83342,413.3529411,0.008791341,0.12489022,,
Nano,16-08-2021,5.395601834,472.2492242,6.363083179,0.000135371,0.001924326,,
Litecoin,16-08-2021,156.4540232,13694.48652,184.5194282,0.003924426,0.055750594,,
Dash,16-08-2021,179.4039469,15703.30301,211.5862093,0.004500092,0.063928536,,
Swipe,16-08-2021,2.932927254,256.7203575,3.459048537,7.36E-05,0.001045115,,
NEO,16-08-2021,49.95942384,4372.969404,58.92136318,0.001253161,0.017802467,,
NEM,16-08-2021,0.183950069,16.10122699,0.216947835,4.62E-06,6.56E-05,,
Cosmos,16-08-2021,13.34333204,1167.873093,15.73591496,0.000334784,0.00475922,,
Filecoin,16-08-2021,62.03059393,5429.564004,73.15791241,0.001555949,0.02210389,,
XRP,16-08-2021,1.086890373,95.12991342,1.281779875,2.73E-05,0.000387636,,
TRON,16-08-2021,0.078763365,6.89419053,0.092892281,1.98E-06,2.81E-05,,
Cardano,16-08-2021,1.837616848,160.8473764,2.167256573,4.61E-05,0.000654814,,
Chainlink,16-08-2021,23.5442053,2060.834203,27.76766753,0.000590573,0.008389707,,
Tether,16-08-2021,0.84893328,74.30560302,1.001193837,2.12E-05,0.000302899,,
Uniswap,16-08-2021,25.63179414,2243.561733,30.22973716,0.000642937,0.009133595,,
Stellar,16-08-2021,0.331318987,29.00049041,0.390752432,8.31E-06,0.000118062,,
Status,16-08-2021,0.08680935,7.597975034,0.102375069,2.18E-06,3.10E-05,,
Bitcoin,17-08-2021,39077.832,3413887.759,46031.75754,1,14.57264313,,
Ethereum,17-08-2021,2677.392548,233881.5919,3153.583684,0.068471652,1,,
Dogecoin,17-08-2021,0.272197811,23.77953755,0.320635588,6.96E-06,0.000101506,,
Binance Coin,17-08-2021,353.9276871,30919.5607,416.9093485,0.009049035,0.13198434,,
Nano,17-08-2021,5.301251774,463.1239148,6.244612966,0.00013554,0.001976907,,
Litecoin,17-08-2021,151.5907779,13242.09723,178.552153,0.003876783,0.056614106,,
Dash,17-08-2021,171.1880613,14954.00304,201.6349368,0.004377964,0.063933038,,
Swipe,17-08-2021,2.777595662,242.6347588,3.271608553,7.10E-05,0.001037339,,
NEO,17-08-2021,47.93099479,4187.311015,56.4603464,0.001225474,0.017874105,,
NEM,17-08-2021,0.182204953,15.91765016,0.214628443,4.66E-06,6.80E-05,,
Cosmos,17-08-2021,13.44627628,1174.683334,15.83904987,0.000343787,0.005014295,,
Filecoin,17-08-2021,62.31282982,5443.72592,73.4014383,0.001593181,0.023237283,,
XRP,17-08-2021,1.011906041,88.39428346,1.191879907,2.59E-05,0.000377913,,
TRON,17-08-2021,0.07606696,6.645303721,0.089603124,1.94E-06,2.84E-05,,
Cardano,17-08-2021,1.765239802,154.2135335,2.07936537,4.52E-05,0.000659185,,
Chainlink,17-08-2021,23.83152242,2081.951288,28.0723573,0.000609312,0.008887092,,
Tether,17-08-2021,0.848822109,74.15091802,0.999826978,2.16E-05,0.000313156,,
Uniswap,17-08-2021,24.80446132,2166.948434,29.21843129,0.000634187,0.009249913,0.163538813,24.42740545
Stellar,17-08-2021,0.317230809,27.71145633,0.373652308,8.11E-06,0.000118475,0.002092721,0.313402466
Status,17-08-2021,0.085275727,7.449792998,0.100450597,2.18E-06,3.18E-05,0.000562975,0.084271664
Bitcoin,18-08-2021,38036.87789,3311793.156,44534.45485,1,14.81146037,264.4672818,40689.70891
Ethereum,18-08-2021,2568.401714,223625.4837,3007.144027,0.067345036,1,17.85788575,2747.531446
Dogecoin,18-08-2021,0.254395076,22.14965888,0.297851628,6.67E-06,9.91E-05,0.001768788,0.272137519
Binance Coin,18-08-2021,342.8253326,29850.81303,401.4108438,0.008967329,0.133122184,2.373761132,364.309255
Nano,18-08-2021,4.945852986,430.6500097,5.791051104,0.000129401,0.001922328,0.034256168,5.270407343
Litecoin,18-08-2021,143.8257022,12522.60971,168.3944529,0.003771196,0.056005351,1,153.8566329
Dash,18-08-2021,167.3470604,14571.40222,195.9450436,0.00437732,0.06498238,1.158729854,177.8342413
Swipe,18-08-2021,2.597888894,226.2058497,3.04184281,6.80E-05,0.001009734,0.017993604,2.768366294
NEO,18-08-2021,44.30583108,3857.839413,51.87726621,0.001158914,0.017204356,0.306778554,47.08235588
NEM,18-08-2021,0.167074437,14.54766409,0.195625831,4.37E-06,6.49E-05,0.001157198,0.178038114
Cosmos,18-08-2021,13.68633683,1191.709722,16.02519853,0.000357995,0.005314529,0.094765734,14.54402198
Filecoin,18-08-2021,59.29031523,5162.286473,69.41847001,0.001554628,0.023087493,0.412240683,63.42543873
XRP,18-08-2021,0.934800126,81.39113489,1.094485571,2.45E-05,0.000364009,0.006499588,1
TRON,18-08-2021,0.072621259,6.322984492,0.085026647,1.90E-06,2.83E-05,0.00050493,0.077686131
Cardano,18-08-2021,1.641780252,142.9464484,1.922234226,4.30E-05,0.000639305,0.011415163,1.756284013
Chainlink,18-08-2021,22.29007981,1940.751656,26.09774009,0.000584459,0.008679699,0.154981091,23.84467152
Tether,18-08-2021,0.855521892,74.47502572,1.001483038,2.23E-05,0.000328388,0.005833687,0.889276494
Uniswap,18-08-2021,22.50452515,1959.535392,26.35032937,0.000588654,0.008738711,0.155823861,23.91482195
Stellar,18-08-2021,0.290968192,25.33400529,0.340672277,7.63E-06,0.000113302,0.002023078,0.311261378
Status,18-08-2021,0.080674,7.024523197,0.094460401,2.11E-06,3.14E-05,0.000558768,0.08596795
,,,,,,,,
,,,,,,,,
,,,,,,,,
,,,,,,,,
,,,,,,,,
,,,,,,,,
,,,,,,,,
,,,,,,,,
,,,,,,,,
,,,,,,,,
,,,,,,,,
,,,,,,,,
,,,,,,,,
,,,,,,,,
,,,,,,,,
,,,,,,,,
,,,,,,,,
,,,,,,,,
,,,,,,,,
,,,,,,,,
,,,,,,,,
,,,,,,,,
,,,,,,,,
,,,,,,,,
,,,,,,,,
,,,,,,,,
,,,,,,,,
,,,,,,,,
,,,,,,,,
,,,,,,,,
,,,,,,,,
,,,,,,,,
,,,,,,,,
,,,,,,,,
,,,,,,,,
,,,,,,,,
,,,,,,,,
,,,,,,,,
,,,,,,,,
,,,,,,,,
,,,,,,,,
,,,,,,,,
,,,,,,,,
,,,,,,,,
,,,,,,,,
,,,,,,,,
,,,,,,,,
,,,,,,,,
,,,,,,,,
,,,,,,,,
,,,,,,,,
,,,,,,,,
,,,,,,,,
,,,,,,,,
,,,,,,,,
,,,,,,,,
,,,,,,,,
,,,,,,,,
,,,,,,,,
,,,,,,,,
,,,,,,,,
,,,,,,,,
,,,,,,,,
,,,,,,,,
,,,,,,,,
,,,,,,,,
,,,,,,,,
,,,,,,,,
,,,,,,,,
,,,,,,,,
,,,,,,,,
,,,,,,,,
,,,,,,,,
,,,,,,,,
,,,,,,,,
,,,,,,,,
,,,,,,,,
,,,,,,,,
,,,,,,,,
,,,,,,,,
,,,,,,,,
,,,,,,,,
,,,,,,,,
,,,,,,,,
,,,,,,,,
,,,,,,,,
,,,,,,,,
,,,,,,,,
,,,,,,,,
,,,,,,,,
,,,,,,,,
,,,,,,,,
,,,,,,,,
,,,,,,,,
,,,,,,,,
,,,,,,,,
,,,,,,,,
,,,,,,,,
,,,,,,,,
,,,,,,,,
,,,,,,,,
,,,,,,,,
,,,,,,,,
,,,,,,,,
,,,,,,,,
,,,,,,,,
,,,,,,,,
,,,,,,,,
,,,,,,,,
,,,,,,,,
,,,,,,,,
,,,,,,,,
,,,,,,,,
,,,,,,,,
,,,,,,,,
,,,,,,,,
,,,,,,,,
,,,,,,,,
,,,,,,,,
,,,,,,,,
,,,,,,,,
,,,,,,,,
,,,,,,,,
,,,,,,,,
,,,,,,,,
,,,,,,,,
,,,,,,,,
,,,,,,,,
,,,,,,,,
,,,,,,,,
,,,,,,,,
,,,,,,,,
,,,,,,,,
,,,,,,,,
,,,,,,,,
,,,,,,,,
,,,,,,,,
,,,,,,,,
,,,,,,,,
,,,,,,,,
,,,,,,,,
,,,,,,,,
,,,,,,,,
,,,,,,,,
,,,,,,,,
,,,,,,,,
,,,,,,,,
,,,,,,,,
,,,,,,,,
,,,,,,,,
,,,,,,,,
,,,,,,,,
,,,,,,,,
,,,,,,,,
,,,,,,,,
,,,,,,,,
,,,,,,,,
,,,,,,,,
,,,,,,,,
,,,,,,,,
,,,,,,,,
,,,,,,,,
,,,,,,,,
,,,,,,,,
,,,,,,,,
,,,,,,,,
,,,,,,,,
,,,,,,,,
,,,,,,,,
,,,,,,,,
,,,,,,,,
,,,,,,,,
,,,,,,,,
,,,,,,,,
,,,,,,,,
,,,,,,,,
,,,,,,,,
,,,,,,,,
,,,,,,,,
,,,,,,,,
,,,,,,,,
,,,,,,,,
,,,,,,,,
,,,,,,,,
,,,,,,,,
,,,,,,,,
,,,,,,,,
,,,,,,,,
,,,,,,,,
,,,,,,,,
,,,,,,,,
,,,,,,,,
,,,,,,,,
,,,,,,,,
,,,,,,,,
,,,,,,,,
,,,,,,,,
,,,,,,,,
,,,,,,,,
,,,,,,,,
,,,,,,,,
,,,,,,,,
,,,,,,,,
,,,,,,,,
,,,,,,,,
,,,,,,,,
,,,,,,,,
,,,,,,,,
,,,,,,,,
,,,,,,,,
,,,,,,,,
,,,,,,,,
,,,,,,,,
,,,,,,,,
,,,,,,,,
,,,,,,,,
,,,,,,,,
,,,,,,,,
,,,,,,,,
,,,,,,,,
,,,,,,,,
,,,,,,,,
,,,,,,,,
,,,,,,,,
,,,,,,,,
,,,,,,,,
,,,,,,,,
,,,,,,,,
,,,,,,,,
,,,,,,,,
,,,,,,,,
,,,,,,,,
,,,,,,,,
,,,,,,,,
,,,,,,,,
,,,,,,,,
,,,,,,,,
,,,,,,,,
,,,,,,,,
,,,,,,,,
